name,price,in_stock,UPC
We Are All Completely Beside Ourselves,£24.04,In stock (3 available),be3db344a845580b
Blue Like Jazz: Nonreligious Thoughts on Christian Spirituality,£25.77,In stock (7 available),a322361a37a78d3d
"Rich Dad, Poor Dad",£51.74,In stock (7 available),8486f61aa81a3daa
Playing from the Heart,£32.38,In stock (7 available),68008abf6409dfde
"Shrunken Treasures: Literary Classics, Short, Sweet, and Silly",£52.87,In stock (7 available),9639e89d20228e6e
Raymie Nightingale,£34.41,In stock (7 available),31c56c4d0fe19340
Team of Rivals: The Political Genius of Abraham Lincoln,£20.12,In stock (7 available),ba047a636b7d3793
Sister Dear,£40.20,In stock (7 available),7ffebdd1d5148aef
"Sit, Stay, Love",£20.90,In stock (7 available),bd087cf6a846db75
Steal Like an Artist: 10 Things Nobody Told You About Being Creative,£20.90,In stock (7 available),8776181be110838a
Kill the Boy Band,£15.52,In stock (5 available),44f545727e704187
Killing Floor (Jack Reacher #1),£31.49,In stock (5 available),8dde2ff3f6fcc0a3
Logan Kade (Fallen Crest High #5.5),£13.12,In stock (5 available),7093cf549cd2e7de
Last One Home (New Beginnings #1),£59.98,In stock (5 available),07e6810fd3236bda
The Whale,£35.96,In stock (7 available),0ff9d10864db8364
The Year of Living Biblically: One Man's Humble Quest to Follow the Bible as Literally as Possible,£34.72,In stock (7 available),4a0b78598b42897a
Toddlers Are A**holes: It's Not Your Fault,£25.55,In stock (7 available),4242cc3d0437db12
Under the Tuscan Sun,£37.33,In stock (7 available),a94350ee74deaa07
"Hawkeye, Vol. 1: My Life as a Weapon (Hawkeye #1)",£45.24,In stock (1 available),6fe02600f322a0a9
"Giant Days, Vol. 1 (Giant Days #1-4)",£56.76,In stock (1 available),eb0fe24bbc845ecc
Having the Barbarian's Baby (Ice Planet Barbarians #7.5),£34.96,In stock (1 available),6717a70913b3db79
"Fruits Basket, Vol. 1 (Fruits Basket #1)",£40.28,In stock (1 available),72e6fbf4f6382557
Icing (Aces Hockey #2),£40.44,In stock (1 available),3455b45888fb5053
Imperfect Harmony,£34.74,In stock (1 available),f28f7299d38c0932
Jane Eyre,£38.43,In stock (1 available),8d390a1fc3133d06
Kitchens of the Great Midwest,£57.20,In stock (1 available),06f6a57a6d532844
Listen to Me (Fusion #1),£58.99,In stock (1 available),6e712ea24e77bd96
Lord of the Flies,£24.89,In stock (1 available),71a6471bbdac21d9
Lost Among the Living,£27.70,In stock (1 available),d510567580c8be52
Matilda,£28.34,In stock (1 available),1053fb7ee17a1f33
Meditations,£25.89,In stock (1 available),4f19709e47883df5
"Ms. Marvel, Vol. 1: No Normal (Ms. Marvel (2014-2015) #1)",£39.39,In stock (1 available),35a60467893aa168
My Perfect Mistake (Over the Top #1),£38.92,In stock (1 available),fd78f89878479f56
Myriad (Prentor #1),£58.75,In stock (1 available),63e20a0f98218a87
Off Sides (Off #1),£39.45,In stock (1 available),b6f1cfadc4dd79d4
On the Road (Duluoz Legend),£32.36,In stock (1 available),9ff997ab15713e53
Of Mice and Men,£47.11,In stock (1 available),39592d9d72e717c4
Old Records Never Die: One Man's Quest for His Vinyl and His Past,£55.66,In stock (1 available),a1985630339f4b3d
Off the Hook (Fishing for Trouble #1),£47.67,In stock (11 available),b783ce08802cd1d1
Playing with Fire,£13.71,In stock (11 available),05a61a3bd8ca4149
"Setting the World on Fire: The Brief, Astonishing Life of St. Catherine of Siena",£21.15,In stock (11 available),b06599b108e83f98
Sleeping Giants (Themis Files #1),£48.74,In stock (11 available),f435aa99d864077d
Take Me Home Tonight (Rock Star Romance #3),£53.98,In stock (11 available),cf62fa272b5f0fa3
The Art of Startup Fundraising,£21.00,In stock (11 available),1c584f82a7a1c4f0
The Improbability of Love,£59.45,In stock (11 available),437d8dea9272d0a9
"The Sleep Revolution: Transforming Your Life, One Night at a Time",£11.68,In stock (11 available),985991708c47003e
Troublemaker: Surviving Hollywood and Scientology,£48.39,In stock (11 available),515cb8fcafb1ad98
A Paris Apartment,£39.01,In stock (12 available),63343e287971bb0c
"A la Mode: 120 Recipes in 60 Pairings: Pies, Tarts, Cakes, Crisps, and More Topped with Ice Cream, Gelato, Frozen Custard, and More",£38.77,In stock (12 available),a4eef523118805ef
The Widow,£27.26,In stock (11 available),6159d8b187831770
Dirty (Dive Bar #1),£40.83,In stock (12 available),df7e628bad5782b4
Boar Island (Anna Pigeon #19),£59.48,In stock (12 available),49b24c6a41b82bd2
Eleanor & Park,£56.51,In stock (12 available),6983328f15506cb9
Can You Keep a Secret? (Fear Street Relaunch #4),£48.64,In stock (12 available),d069086944f2e330
Equal Is Unfair: America's Misguided Fight Against Income Inequality,£56.86,In stock (12 available),3968e3fbf4695d7c
Furiously Happy: A Funny Book About Horrible Things,£41.46,In stock (12 available),c6a29d6df8de968c
Everyday Italian: 125 Simple and Delicious Recipes,£20.10,In stock (12 available),76319fe9d8b465a3
Hide Away (Eve Duncan #20),£11.84,In stock (12 available),bddc6fd036eb6279
Dress Your Family in Corduroy and Denim,£43.68,In stock (9 available),7e9068872228c474
"Fruits Basket, Vol. 9 (Fruits Basket #9)",£33.95,In stock (9 available),97187f5cf0385da3
If I Gave You God's Phone Number....: Searching for Spirituality in America,£20.91,In stock (9 available),8fab4c4f6f82a4ce
Don't Forget Steven,£33.23,In stock (9 available),e845d305f64154f1
Modern Day Fables,£47.44,In stock (9 available),6baac632f7711e26
"NaNo What Now? Finding your editing process, revising your NaNoWriMo book and building a writing career through publishing and beyond",£10.41,In stock (9 available),ee6c67859d70186b
Nap-a-Roo,£25.08,In stock (9 available),913e7109cec0cb4c
Suzie Snowflake: One beautiful flake (a self-esteem story),£54.81,In stock (9 available),0e095ed785af7e43
"The Fabric of the Cosmos: Space, Time, and the Texture of Reality",£55.91,In stock (9 available),ca74f2e3c35a3e77
The Alien Club,£54.40,In stock (9 available),e77594ece9b9d1fe
The Book of Mormon,£24.57,In stock (9 available),3f25a2fedae191cc
The Art and Science of Low Carbohydrate Living,£52.98,In stock (9 available),f9c87ccb2bc4853b
The Flowers Lied,£16.68,In stock (9 available),33396269bcce166f
"The Moosewood Cookbook: Recipes from Moosewood Restaurant, Ithaca, New York",£12.34,In stock (9 available),65cfc9f242c2984a
The New Brand You: Your New Image Makes the Sale for You,£44.05,In stock (9 available),4b50fb1359ebf35d
The Shack,£28.03,In stock (9 available),903a9f8090104c2c
Unlimited Intuition Now,£58.87,In stock (9 available),4fd0a2a350f016e6
Without Shame,£48.27,In stock (9 available),ab60e6f5a63e1cfb
Watchmen,£58.05,In stock (9 available),d1848064c54e01c7
Underlying Notes,£11.82,In stock (9 available),0967effecd292a86
Shadows of the Past (Logan Point #1),£39.67,In stock (8 available),bee6e93e9976f4fa
Silence in the Dark (Logan Point #4),£58.33,In stock (8 available),e46a164cf310fd7d
Smarter Faster Better: The Secrets of Being Productive in Life and Business,£38.89,In stock (8 available),a2475a245c9907c4
South of Sunshine,£28.93,In stock (8 available),331c26103d885cae
The High Mountains of Portugal,£51.15,In stock (8 available),4f283dfcbeccc0d4
The E-Myth Revisited: Why Most Small Businesses Don't Work and What to Do About It,£36.91,In stock (8 available),a2308a936e898d48
The Grownup,£35.88,In stock (8 available),1bba4b1ba23ed2d6
The Martian (The Martian #1),£41.39,In stock (8 available),9afd00e81d6208e6
"The Midnight Assassin: Panic, Scandal, and the Hunt for America's First Serial Killer",£28.45,In stock (8 available),5a0d2e9284004266
The New Drawing on the Right Side of the Brain,£43.02,In stock (8 available),3eec766dda26fa64
Vagabonding: An Uncommon Guide to the Art of Long-Term World Travel,£36.94,In stock (8 available),1809259a5a5f1d8d
The Unlikely Pilgrimage of Harold Fry (Harold Fry #1),£43.62,In stock (8 available),e0bdd79c7304ee8d
"Zero to One: Notes on Startups, or How to Build the Future",£34.06,In stock (8 available),e77033ce559947f7
Why Not Me?,£17.76,In stock (8 available),04f6c929888f4f11
When Breath Becomes Air,£39.36,In stock (8 available),b69c852e7e3956af
23 Degrees South: A Tropical Tale of Changing Whether...,£35.79,In stock (9 available),61cf7eb9d2cd8bb0
A Hero's Curse (The Unseen Chronicles #1),£50.49,In stock (9 available),c181ca8eabe7d18c
A Shard of Ice (The Black Symphony Saga #1),£56.63,In stock (9 available),63d5f1651880dcea
Chernobyl 01:23:40: The Incredible True Story of the World's Worst Nuclear Disaster,£35.92,In stock (9 available),7186241e043de5dc
Art and Fear: Observations on the Perils (and Rewards) of Artmaking,£48.63,In stock (9 available),d6d9ffea95f2f8bf
Howl and Other Poems,£40.45,In stock (8 available),b7870fa6dc088fbb
History of Beauty,£10.29,In stock (8 available),8a150fd8ff5d7686
Hystopia: A Novel,£21.96,In stock (8 available),0bfdef63285d3019
I Will Find You,£44.21,In stock (8 available),bbf1ea50be8008ab
I'll Give You the Sun,£56.48,In stock (8 available),0ab4b35dcffcffd1
John Vassos: Industrial Design for Modern Life,£20.22,In stock (8 available),bd26e8a79a856c31
Kierkegaard: A Christian Missionary to Christians,£47.13,In stock (8 available),0cf57cb49272fd37
Kill 'Em and Leave: Searching for James Brown and the American Soul,£45.05,In stock (8 available),39eefec3a8498dde
"Love That Boy: What Two Presidents, Eight Road Trips, and My Son Taught Me About a Parent's Expectations",£25.06,In stock (8 available),4d3a4c7b442a9a4e
Left Behind (Left Behind #1),£40.72,In stock (8 available),29af1a2566c4e36e
Les Fleurs du Mal,£29.04,In stock (8 available),c44c5e1425475206
Living Forward: A Proven Plan to Stop Drifting and Get the Life You Want,£12.55,In stock (8 available),044534b0b28b4e87
Man's Search for Meaning,£29.48,In stock (8 available),4729afff3bea0f0a
My Life Next Door (My Life Next Door ),£36.39,In stock (8 available),9a7291b89bd5445c
Miller's Valley,£58.54,In stock (8 available),bff270fe9c86a5a9
Out of Print: City Lights Spotlight No. 14,£53.64,In stock (8 available),c0fc0cd215ee1724
Roller Girl,£14.10,In stock (8 available),aeb51dfbe8aeec59
Please Kill Me: The Uncensored Oral History of Punk,£31.19,In stock (8 available),4a823d80aa30dbb0
Proofs of God: Classical Arguments from Tertullian to Barth,£54.21,In stock (8 available),d56d0710668bb39c
Rising Strong,£21.82,In stock (8 available),52fc458ffc756faf
10-Day Green Smoothie Cleanse: Lose Up to 15 Pounds in 10 Days!,£49.71,In stock (10 available),96aa539bfd4c07e2
11/22/63,£48.48,In stock (11 available),a9d7b75461084a26
"10% Happier: How I Tamed the Voice in My Head, Reduced Stress Without Losing My Edge, and Found Self-Help That Actually Works",£24.57,In stock (10 available),34669b2e9d407d3a
A Gentleman's Position (Society of Gentlemen #3),£14.75,In stock (11 available),40c4bf520c17de54
Arena,£21.36,In stock (11 available),2c34f9432069b52b
A Mother's Reckoning: Living in the Aftermath of Tragedy,£19.53,In stock (11 available),2b69dec0193511d9
Adultery,£20.88,In stock (11 available),bb967277222e689c
Born for This: How to Find the Work You Were Meant to Do,£21.59,In stock (11 available),816180220e8cb419
Cravings: Recipes for What You Want to Eat,£20.50,In stock (11 available),2587c54f5530dafc
Daredevils,£16.34,In stock (11 available),f608c903c451f387
"Exit, Pursued by a Bear",£51.34,In stock (11 available),c65c25d990fc7025
Grey (Fifty Shades #4),£48.49,In stock (11 available),b5953ca1f8a0b8d7
It Didn't Start with You: How Inherited Family Trauma Shapes Who We Are and How to End the Cycle,£56.27,In stock (11 available),ce8666d9b42fc9a0
Lies and Other Acts of Love,£45.14,In stock (11 available),469508882dfc1991
Keep Me Posted,£20.46,In stock (11 available),20dc4f1ac5d4fd9c
Lab Girl,£40.85,In stock (11 available),825d6c44da3ca5a6
Lilac Girls,£17.28,In stock (11 available),bade9943ee01b63f
M Train,£27.18,In stock (11 available),5569c3fea112718e
"Mother, Can You Not?",£16.89,In stock (11 available),28b2df9fadc9f07e
Mothering Sunday,£13.34,In stock (11 available),47e1b2d43f709995
Unreasonable Hope: Finding Faith in the God Who Brings Purpose to Your Pain,£46.33,In stock (7 available),48cb52d78c992487
What Happened on Beale Street (Secrets of the South Mysteries #2),£25.37,In stock (7 available),9735c969c652dd89
Wildlife of New York: A Five-Borough Coloring Book,£22.14,In stock (7 available),b46d022080543144
You Are a Badass: How to Stop Doubting Your Greatness and Start Living an Awesome Life,£12.08,In stock (7 available),88ec621893e595d0
"""Most Blessed of the Patriarchs"": Thomas Jefferson and the Empire of the Imagination",£44.48,In stock (8 available),f16c2edb2a603f92
32 Yolks,£53.63,In stock (8 available),b1a227b7609ff263
"A Murder Over a Girl: Justice, Gender, Junior High",£13.20,In stock (8 available),fef91502cbacf23a
Being Mortal: Medicine and What Matters in the End,£55.06,In stock (8 available),15ebd83e53d0391b
Between the World and Me,£56.91,In stock (8 available),04e3de7ac35ec5cd
Brilliant Beacons: A History of the American Lighthouse,£11.45,In stock (8 available),7f5157bf53065d36
Death by Leisure: A Cautionary Tale,£37.51,In stock (8 available),4dbd54d9e36c9566
Brazen: The Courage to Find the You That's Been Hiding,£19.22,In stock (8 available),77e9ea355bd8ae57
Diary of a Citizen Scientist: Chasing Tiger Beetles and Other New Ways of Engaging the World,£28.41,In stock (8 available),0c11e2d068768dbb
Ender's Game (The Ender Quintet #1),£43.64,In stock (8 available),e049d44c4f1cf1b2
Future Shock (Future Shock #1),£55.65,In stock (8 available),df6a7c43faa6732b
Heaven is for Real: A Little Boy's Astounding Story of His Trip to Heaven and Back,£52.86,In stock (8 available),d48c1369927ebef1
A Year in Provence (Provence #1),£56.88,In stock (6 available),9e60929f521fa280
Catherine the Great: Portrait of a Woman,£58.55,In stock (6 available),f3c70d296ec796c4
An Unquiet Mind: A Memoir of Moods and Madness,£21.30,In stock (6 available),46cb43c2ab133ccc
Better Homes and Gardens New Cook Book,£39.61,In stock (6 available),faf841f81c52638b
"Death Note, Vol. 6: Give-and-Take (Death Note #6)",£36.39,In stock (6 available),6e06d0f00f6da20f
Deception Point,£40.32,In stock (6 available),4e3b183180e2a992
"Fruits Basket, Vol. 6 (Fruits Basket #6)",£20.96,In stock (6 available),97258f576d4bb672
Fun Home: A Family Tragicomic,£56.59,In stock (6 available),56a34d0cec11d6b0
"Girl, Interrupted",£42.14,In stock (6 available),384c7d41d5ffe9d1
Give It Back,£18.32,In stock (6 available),012170e4fc87ace0
How to Stop Worrying and Start Living,£46.49,In stock (6 available),e792c0969cefe1b8
In Cold Blood,£49.98,In stock (6 available),fe0f34ebed689381
Musicophilia: Tales of Music and the Brain,£46.58,In stock (6 available),6d235933670503d9
In the Woods (Dublin Murder Squad #1),£38.38,In stock (6 available),6958de044cb28a84
Me Before You (Me Before You #1),£19.02,In stock (6 available),7a2b51f69e81c722
Mere Christianity,£48.51,In stock (6 available),f38f37ed934d84b2
Pride and Prejudice,£19.27,In stock (6 available),720c36b2bee4692e
Ship Leaves Harbor: Essays on Travel by a Recovering Journeyman,£30.60,In stock (6 available),8d8e9f9b8730eb25
Tell the Wolves I'm Home,£50.96,In stock (6 available),2a1b3d967cda1da2
The Barefoot Contessa Cookbook,£59.92,In stock (6 available),6478ccb4416e6a5d
God Is Not Great: How Religion Poisons Everything,£27.80,In stock (4 available),ddbc5530d2939d49
Girl With a Pearl Earring,£26.77,In stock (4 available),5eff05e59f905a49
Gone with the Wind,£32.49,In stock (4 available),23310ce84d3c9f85
"Fruits Basket, Vol. 4 (Fruits Basket #4)",£50.44,In stock (4 available),8fff1084aa085a13
Harry Potter and the Chamber of Secrets (Harry Potter #2),£14.74,In stock (4 available),c7c4f55b7321cba7
Harry Potter and the Order of the Phoenix (Harry Potter #5),£31.63,In stock (4 available),5a6b7155f2797537
Harry Potter and the Prisoner of Azkaban (Harry Potter #3),£24.17,In stock (4 available),eff24325e0ede639
Harry Potter and the Half-Blood Prince (Harry Potter #6),£48.75,In stock (4 available),73f4f87dd936ee5c
It,£25.01,In stock (4 available),670a2773607d785d
Little Women (Little Women #1),£28.07,In stock (4 available),deda806b68b0aa11
Harry Potter and the Sorcerer's Stone (Harry Potter #1),£13.90,In stock (4 available),ac337893a9fe0085
Misery,£34.79,In stock (4 available),81d4191030b9704b
Mockingjay (The Hunger Games #3),£20.44,In stock (4 available),5212c6acea3359e5
No One Here Gets Out Alive,£20.02,In stock (4 available),3a95f5a2df4ff921
Needful Things,£47.51,In stock (4 available),70b585c9d0f15725
Night Shift (Night Shift #1-20),£12.75,In stock (4 available),869d20b3b8128230
"Orchestra of Exiles: The Story of Bronislaw Huberman, the Israel Philharmonic, and the One Thousand Jews He Saved from Nazi Horrors",£12.36,In stock (4 available),2ba5ccc84d35006c
Outlander (Outlander #1),£19.67,In stock (4 available),5de4baa88061a77a
Shopaholic Ties the Knot (Shopaholic #3),£48.39,In stock (4 available),38199c5d7da0c0ef
Paper and Fire (The Great Library #2),£49.45,In stock (4 available),ae884ac655d6ee3e
Some Women,£13.73,In stock (4 available),31f5bbf4974d29c9
The Beast (Black Dagger Brotherhood #14),£46.08,In stock (4 available),8930013d06942df1
The Bone Hunters (Lexy Vaughan & Steven Macaulay #2),£59.71,In stock (4 available),9c4d061c1e2fe6bf
"The Demon Prince of Momochi House, Vol. 4 (The Demon Prince of Momochi House #4)",£27.88,In stock (4 available),df53c2948b32bde3
The Demonists (Demonist #1),£52.11,In stock (4 available),ff2dffba388d9922
The Gunning of America: Business and the Making of American Gun Culture,£16.81,In stock (4 available),45033bdf3d9ed158
The Hound of the Baskervilles (Sherlock Holmes #5),£14.82,In stock (4 available),6587f46697fc4443
The Geography of Bliss: One Grump's Search for the Happiest Places in the World,£28.23,In stock (4 available),c65ee14957c0fa5c
The Hunger Games (The Hunger Games #1),£29.85,In stock (4 available),6d2f70d9424f41a1
The Passion of Dolssa,£28.32,In stock (4 available),011674f4a3834b8d
The Perfect Play (Play by Play #1),£59.99,In stock (4 available),9cc207168a03470d
The Jazz of Physics: The Secret Link Between Music and the Structure of the Universe,£38.71,In stock (4 available),6a57286a8890d8c5
The Pilgrim's Progress,£50.26,In stock (4 available),6053ddf69c967d5f
Vogue Colors A to Z: A Fashion Coloring Book,£52.35,In stock (4 available),a8f4577a48023344
A Clash of Kings (A Song of Ice and Fire #2),£10.79,In stock (5 available),89a89e76f3516357
The Shining (The Shining #1),£27.88,In stock (4 available),d4de23aa98acc65b
A Feast for Crows (A Song of Ice and Fire #4),£17.21,In stock (5 available),f2c8f4b4c94d5c5c
Alight (The Generations Trilogy #2),£58.59,In stock (5 available),d9290e99f189ce84
A Game of Thrones (A Song of Ice and Fire #1),£46.42,In stock (5 available),03cbb67c0f990d87
A Girl's Guide to Moving On (New Beginnings #2),£31.30,In stock (5 available),cf3b86489890b9f2
The Expatriates,£44.58,In stock (5 available),fe7210553d56c097
The False Prince (The Ascendance Trilogy #1),£56.00,In stock (5 available),a2a9f76339d21ab1
The Fault in Our Stars,£47.22,In stock (5 available),3661360c99719414
The Firm,£45.56,In stock (5 available),ad84f18659e6bfe2
The Hiding Place,£55.91,In stock (5 available),c4589ee5977a47be
The Grand Design,£13.76,In stock (5 available),3213b1f13f5f0f7c
The Little Paris Bookshop,£24.73,In stock (5 available),dfd9ff1f343cdaff
The Mathews Men: Seven Brothers and the War Against Hitler's U-boats,£42.91,In stock (5 available),0d210d2448c3018f
The Metamorphosis,£28.58,In stock (5 available),93379e3a2072a01b
The Raven King (The Raven Cycle #4),£30.57,In stock (5 available),2e4fc5eacceec12c
The Raven Boys (The Raven Cycle #1),£57.74,In stock (5 available),e0b3a679b83caccc
The Power Greens Cookbook: 140 Delicious Superfood Recipes,£11.05,In stock (5 available),f701fae56b645ef7
This Is Your Brain on Music: The Science of a Human Obsession,£38.40,In stock (5 available),bc209a900101f28d
The Secret Garden,£15.08,In stock (5 available),abbb492978ff656d
Two Summers,£14.64,In stock (5 available),3a7d54a264d9f33e
What If?: Serious Scientific Answers to Absurd Hypothetical Questions,£53.68,In stock (5 available),163d89116179c33f
Where She Went (If I Stay #2),£41.73,In stock (5 available),60369d96b7b80869
Why Save the Bankers?: And Other Essays on Our Economic and Political Crisis,£48.67,In stock (5 available),759ee7d059b1beb8
World Without End (The Pillars of the Earth #2),£32.97,In stock (5 available),2e5b4ff08a75fd02
"Will Grayson, Will Grayson (Will Grayson, Will Grayson)",£47.31,In stock (5 available),e75f3ae1da1cc652
Lola and the Boy Next Door (Anna and the French Kiss #2),£23.63,In stock (5 available),5e1a88d248599768
Mexican Today: New and Rediscovered Recipes for Contemporary Kitchens,£24.91,In stock (5 available),12a90b90283b2e6d
My Mother Was Nuts,£31.63,In stock (5 available),a4ce39a3720cd679
Maybe Something Beautiful: How Art Transformed a Neighborhood,£22.54,In stock (5 available),81c68492ccd72941
Peak: Secrets from the New Science of Expertise,£16.28,In stock (5 available),6036239d2ab349b7
Red Dragon (Hannibal Lecter #1),£23.37,In stock (5 available),e958ae92f328c181
Remember Me?,£11.48,In stock (5 available),2973d38c2fbd7a5c
Shiver (The Wolves of Mercy Falls #1),£16.23,In stock (5 available),59a8ae019b64f2a7
Tell Me Three Things,£41.81,In stock (5 available),50d5a7b861ed1c54
Siddhartha,£34.22,In stock (5 available),84bb29c53592ac40
Tell the Wind and Fire,£45.51,In stock (5 available),84126312e2431a09
Talking to Girls About Duran Duran: One Young Man's Quest for True Love and a Cooler Haircut,£25.15,In stock (5 available),1dba84766a5e87b8
The 5th Wave (The 5th Wave #1),£11.83,In stock (5 available),b716233fcb6877e6
The Crossover,£38.77,In stock (5 available),b228042c088b1913
The Darkest Corners,£11.33,In stock (5 available),c4182bdb53e2459a
The Dream Thieves (The Raven Cycle #2),£34.50,In stock (5 available),fec06f52054ea900
An Abundance of Katherines,£10.00,In stock (5 available),f36d24c309e87e5b
Approval Junkie: Adventures in Caring Too Much,£58.81,In stock (5 available),612369a5947a012e
"Blue Lily, Lily Blue (The Raven Cycle #3)",£34.13,In stock (5 available),ad5e078beceaeb4a
America's War for the Greater Middle East: A Military History,£51.22,In stock (5 available),add33db6ff80db24
Booked,£17.49,In stock (5 available),b54d7416bb445989
"Data, A Love Story: How I Gamed Online Dating to Meet My Match",£32.35,In stock (5 available),bcf567421c581f0a
"Death Note, Vol. 5: Whiteout (Death Note #5)",£52.41,In stock (5 available),1c0a38899c82b60a
Critique of Pure Reason,£20.75,In stock (5 available),429b4a811bef386c
Drama,£38.70,In stock (5 available),d5ad4c92d8bf26c9
Evicted: Poverty and Profit in the American City,£42.27,In stock (5 available),75cc85cdbe9ad46b
Digital Fortress,£58.00,In stock (5 available),94bb629a3f6dd00b
Find Her (Detective D.D. Warren #8),£22.37,In stock (5 available),b28c7d07afa7063b
Dracula the Un-Dead,£35.63,In stock (5 available),e46b1074b99ac4b6
"Fruits Basket, Vol. 5 (Fruits Basket #5)",£16.33,In stock (5 available),3fd83dcf37bf1bc0
Fool Me Once,£16.96,In stock (5 available),630e766f0a1987dd
Foundation (Foundation (Publication Order) #1),£32.42,In stock (5 available),3fc124f59f3068e4
If I Stay (If I Stay #1),£38.13,In stock (5 available),7284d85428305f5a
The Collected Poems of W.B. Yeats (The Collected Works of W.B. Yeats #1),£15.42,In stock (6 available),3d250ab0f12be445
Harry Potter and the Deathly Hallows (Harry Potter #7),£23.32,In stock (5 available),6c49258724f11770
I Know Why the Caged Bird Sings (Maya Angelou's Autobiography #1),£36.55,In stock (5 available),d219d4e325e6f204
Isla and the Happily Ever After (Anna and the French Kiss #3),£48.13,In stock (5 available),45045146dbf7b009
The Fellowship of the Ring (The Lord of the Rings #1),£10.27,In stock (6 available),cb17945cb90b7837
The Girl You Left Behind (The Girl You Left Behind #1),£15.79,In stock (6 available),eb7459e0c570251d
The God Delusion,£46.85,In stock (6 available),2bc80eba94950873
The Great Railway Bazaar,£30.54,In stock (6 available),48736df57e7bec9f
The Invention of Wings,£37.34,In stock (6 available),e6635f5b0a2c78db
The Golden Compass (His Dark Materials #1),£18.77,In stock (6 available),d33824cb93ecab6f
The Joy of Cooking,£43.27,In stock (6 available),d326e189b1210916
The Hobbit (Middle-Earth Universe),£17.80,In stock (6 available),72b5355dda190b6a
The Man Who Mistook His Wife for a Hat and Other Clinical Tales,£59.45,In stock (6 available),60376aa71be66083
The Mysterious Affair at Styles (Hercule Poirot #1),£24.80,In stock (6 available),2da5edf8b5776c9a
The Makings of a Fatherless Child,£31.58,In stock (6 available),2efa5a839e62b1bd
The Perks of Being a Wallflower,£55.02,In stock (6 available),fd364afd082f5446
The Sound Of Love,£57.84,In stock (6 available),5ba3d703d1ae0c1d
A Short History of Nearly Everything,£52.40,In stock (7 available),6c7fa6844380f50a
The Rise and Fall of the Third Reich: A History of Nazi Germany,£39.67,In stock (6 available),774fa432bd7d9c47
A Gathering of Shadows (Shades of Magic #2),£44.81,In stock (7 available),d1378a0ad06ff979
A Summer In Europe,£44.34,In stock (7 available),cc1936a9f4e93477
"At The Existentialist Café: Freedom, Being, and apricot cocktails with: Jean-Paul Sartre, Simone de Beauvoir, Albert Camus, Martin Heidegger, Edmund Husserl, Karl Jaspers, Maurice Merleau-Ponty and others",£29.93,In stock (7 available),6b52904b2ab91bf6
Benjamin Franklin: An American Life,£48.19,In stock (7 available),5b546a46a86a9d8c
The Art Book,£32.34,In stock (7 available),4b8fa561a1e52d1c
The Bachelor Girl's Guide to Murder (Herringford and Watts Mysteries #1),£52.30,In stock (7 available),20789fb17b423c4c
The Bourne Identity (Jason Bourne #1),£42.78,In stock (7 available),d250657f0ebc5d73
The 7 Habits of Highly Effective People: Powerful Lessons in Personal Change,£33.17,In stock (7 available),5fbd03b1ac0a0e69
The Constant Princess (The Tudor Court #1),£16.62,In stock (7 available),24933c712f0bca2f
The Faith of Christopher Hitchens: The Restless Soul of the World's Most Notorious Atheist,£39.55,In stock (7 available),57f85720e54d6442
The Drowning Girls,£35.67,In stock (7 available),7a10353c9c54cf7c
The Glass Castle,£16.24,In stock (7 available),47f4fd3e8e1dac05
The Origin of Species,£10.01,In stock (7 available),0345872b14f9e774
The Good Girl,£49.03,In stock (7 available),f935412970c9f58f
The Story of Art,£41.14,In stock (7 available),9147c5251cc99eb1
"Chronicles, Vol. 1",£52.60,In stock (7 available),4781b6bfd6f7a2c5
The Great Gatsby,£36.05,In stock (7 available),a8dbf1c6b41b885a
Delivering the Truth (Quaker Midwife Mystery #1),£20.89,In stock (7 available),4e980425468708da
Counted With the Stars (Out from Egypt #1),£17.97,In stock (7 available),4807043b8218e9ce
Every Heart a Doorway (Every Heart A Doorway #1),£12.16,In stock (7 available),4fa75fc6829431ca
"Fruits Basket, Vol. 7 (Fruits Basket #7)",£19.57,In stock (7 available),de6d7645f192d517
Finding God in the Ruins: How God Redeems Pain,£46.64,In stock (7 available),4e78f06160b717ac
For the Love: Fighting for Grace in a World of Impossible Standards,£45.13,In stock (7 available),2e40333991f56f45
Good in Bed (Cannie Shapiro #1),£37.05,In stock (7 available),c00bc29a678a6efb
How to Be a Domestic Goddess: Baking and the Art of Comfort Cooking,£28.25,In stock (7 available),eff5710404e2ff78
John Adams,£57.43,In stock (7 available),68407606544d6f22
How to Cook Everything Vegetarian: Simple Meatless Recipes for Great Food (How to Cook Everything),£46.01,In stock (7 available),2a9fcb3382d351c8
King's Folly (The Kinsman Chronicles #1),£39.61,In stock (7 available),4c82371b8cd02d4d
Life of Pi,£13.22,In stock (7 available),40cdcbb7692fd408
Like Never Before (Walker Family #2),£28.77,In stock (7 available),b6670507e85b30e6
Meternity,£43.58,In stock (7 available),725cd8d23d78cdca
Leave This Song Behind: Teen Poetry at Its Best,£51.17,In stock (7 available),b74ee891e2a6dd69
Memoirs of a Geisha,£49.67,In stock (7 available),dac4b5847454fd9b
We the People: The Modern-Day Figures Who Have Reshaped and Affirmed the Founding Fathers' Vision of America,£31.95,In stock (3 available),06bab964fd536971
"Naturally Lean: 125 Nourishing Gluten-Free, Plant-Based Recipes--All Under 300 Calories",£11.38,In stock (7 available),924438fc6cbec836
Nightstruck: A Novel,£50.35,In stock (7 available),746029796363aa51
"Where'd You Go, Bernadette",£18.13,In stock (3 available),07bb35158d9dd3d2
Wuthering Heights,£17.73,In stock (3 available),5a7ff9aaa3168878
World War Z: An Oral History of the Zombie War,£21.80,In stock (3 available),5d55202da0252627
Wild: From Lost to Found on the Pacific Crest Trail,£46.02,In stock (3 available),d30b9215c72cca87
When You Are Engulfed in Flames,£30.89,In stock (3 available),dab0196cd5fc8e5e
"A History of God: The 4,000-Year Quest of Judaism, Christianity, and Islam",£27.62,In stock (4 available),d12ca4020c2f602e
'Salem's Lot,£49.56,In stock (4 available),6e9403f00acd6752
Zero History (Blue Ant #3),£34.77,In stock (3 available),634b7165c96ebb9f
Can You Keep a Secret?,£21.94,In stock (4 available),0812f54c93d726ce
A New Earth: Awakening to Your Life's Purpose,£55.65,In stock (4 available),f6ae39568db1130e
Animal Farm,£57.22,In stock (4 available),1451b55e5e56bb89
Atlas Shrugged,£26.58,In stock (4 available),78a4ac98191ac675
A Walk to Remember,£56.43,In stock (4 available),aead11697d14ea36
Candide,£58.63,In stock (4 available),2798974abc8a58a8
Changing the Game (Play by Play #2),£13.38,In stock (4 available),aaebac5fda798b1b
Confessions of a Shopaholic (Shopaholic #1),£48.94,In stock (4 available),a2dc754afb69bb32
Far From True (Promise Falls Trilogy #2),£34.93,In stock (4 available),ad15a9a139919918
Dark Lover (Black Dagger Brotherhood #1),£12.87,In stock (4 available),2b69d289279aabfd
"David and Goliath: Underdogs, Misfits, and the Art of Battling Giants",£17.81,In stock (3 available),d234ddecef49ef4e
Disrupted: My Misadventure in the Start-Up Bubble,£15.28,In stock (3 available),81372abc86f65c79
Cosmos,£36.17,In stock (3 available),dbe33cf29ef1623d
Counting Thyme,£10.62,In stock (3 available),157f693d9e600ccc
Crazy Rich Asians (Crazy Rich Asians #1),£49.13,In stock (3 available),c9782ad2a0ed9331
Dark Places,£23.90,In stock (3 available),66937c669c4da072
Darkfever (Fever #1),£56.02,In stock (3 available),468bd274ac084bb9
Dead Wake: The Last Crossing of the Lusitania,£39.24,In stock (3 available),04d858cdeeee0da4
"Lamb: The Gospel According to Biff, Christ's Childhood Pal",£55.50,In stock (3 available),190fbebbf798c31a
"Lean In: Women, Work, and the Will to Lead",£25.02,In stock (3 available),d5e1a9bfe22bbf9f
Lady Renegades (Rebel Belle #3),£53.04,In stock (3 available),16e843e6b853cc2f
Life After Life,£26.13,In stock (3 available),4ec53ff7e2263f32
Legend (Legend #1),£43.69,In stock (3 available),0ce8075fab4a2b5b
Let's Pretend This Never Happened: A Mostly True Memoir,£45.11,In stock (3 available),1246e4ffeb5ac4ea
Letter to a Christian Nation,£22.20,In stock (3 available),1de75f05d57bfc10
Life Without a Recipe,£59.04,In stock (3 available),c53d9fefcda371e9
The Rosie Project (Don Tillman #1),£54.04,In stock (14 available),012094e90a4b908d
The Songs of the Gods,£44.48,In stock (14 available),00c4543ec6bd25b4
The Song of Achilles,£37.40,In stock (14 available),e88fb1c9397cfb27
The Star-Touched Queen,£46.02,In stock (14 available),1528279aec1f3dce
The Testament of Mary,£52.67,In stock (14 available),081305e6df719dff
The Time Keeper,£27.88,In stock (14 available),e9906e2f0d189745
The White Queen (The Cousins' War #1),£25.91,In stock (14 available),6875c5657661b2fb
The Wedding Pact (The O'Malleys #2),£32.61,In stock (14 available),c5cb9f885d8b3621
The Wright Brothers,£56.80,In stock (14 available),08b2f71d93836313
The Year of Magical Thinking,£43.04,In stock (14 available),34c0d7c4ee5650af
Through the Woods,£25.38,In stock (14 available),6e44bcbeac7f4360
This Is Where It Ends,£27.12,In stock (14 available),f0f38174a7e689a3
Until Friday Night (The Field Party #1),£46.31,In stock (14 available),aba2db9afb1469c7
Twenty Yawns,£22.08,In stock (14 available),1d6443ffba9dfd80
V for Vendetta (V for Vendetta Complete),£37.10,In stock (14 available),4a1debca3135ff37
"Unbroken: A World War II Story of Survival, Resilience, and Redemption",£45.95,In stock (14 available),76c84daa539426e2
Walt Disney's Alice in Wonderland,£12.96,In stock (14 available),6a31307a81e8f3a8
"We Are Robin, Vol. 1: The Vigilante Business (We Are Robin #1)",£53.90,In stock (14 available),92275cedf6d8ee15
Whole Lotta Creativity Going On: 60 Fun and Unusual Exercises to Awaken and Strengthen Your Creativity,£38.20,In stock (14 available),44a10f1ac8ce822e
What's It Like in Space?: Stories from Astronauts Who've Been There,£19.60,In stock (14 available),6fd646a334e6e133
Tastes Like Fear (DI Marnie Rome #3),£10.69,In stock (14 available),2d1e337aaf341858
The 14th Colony (Cotton Malone #11),£39.24,In stock (14 available),1b8187fa4bf6ab05
That Darkness (Gardiner and Renner #1),£13.92,In stock (14 available),0c7b9cf2b7662b65
Take Me with You,£45.21,In stock (14 available),2c04320e110a14a3
The Bad-Ass Librarians of Timbuktu: And Their Race to Save the World’s Most Precious Manuscripts,£15.77,In stock (14 available),923831a05c9f91f7
The Darkest Lie,£35.35,In stock (14 available),6edacfd1f8ebb9eb
The Dovekeepers,£48.78,In stock (14 available),3d76bc83c6b644c9
The Bane Chronicles (The Bane Chronicles #1-11),£44.73,In stock (14 available),dc6f688b82e42a5b
The First Hostage (J.B. Collins #2),£25.85,In stock (14 available),a86972014275e072
The Guilty (Will Robie #4),£13.82,In stock (14 available),847935fc68707426
The Help Yourself Cookbook for Kids: 60 Easy Plant-Based Recipes Kids Can Make to Stay Healthy and Save the Earth,£28.77,In stock (14 available),ddc8340dabc8641b
The Hidden Oracle (The Trials of Apollo #1),£52.26,In stock (14 available),992974ba6a0536ea
The Immortal Life of Henrietta Lacks,£40.67,In stock (14 available),f72f61ad6a5f12ed
The Last Mile (Amos Decker #2),£54.21,In stock (14 available),3bc89353f7e3a3cc
The Literature Book (Big Ideas Simply Explained),£17.43,In stock (14 available),4881cc53f6c8892f
The Loney,£23.40,In stock (14 available),2d88a31f325dfd3b
The Long Haul (Diary of a Wimpy Kid #9),£44.07,In stock (14 available),f21effc079a2b38a
The Lucifer Effect: Understanding How Good People Turn Evil,£10.40,In stock (14 available),4e812d32d64e2431
The Marriage of Opposites,£28.08,In stock (14 available),52cf2a5933ec5d8f
The Power of Habit: Why We Do What We Do in Life and Business,£16.88,In stock (14 available),6bdd909329435e80
"Naruto (3-in-1 Edition), Vol. 14: Includes Vols. 40, 41 & 42 (Naruto: Omnibus #14)",£38.39,In stock (14 available),71e36f33981ddb74
No Dream Is Too High: Life Lessons From a Man Who Walked on the Moon,£21.95,In stock (14 available),132ec5e8c984adef
Once Was a Time,£18.28,In stock (14 available),e34efcc824685332
Old School (Diary of a Wimpy Kid #10),£11.83,In stock (14 available),02b74068fa98d8a4
Rain Fish,£23.57,In stock (14 available),a6454e329f872b78
"Overload: How to Unplug, Unwind, and Unleash Yourself from the Pressure of Stress",£52.15,In stock (14 available),8ecf0356a3878811
Pet Sematary,£10.56,In stock (14 available),af58a74e4b2a23a0
"Quarter Life Poetry: Poems for the Young, Broke and Hangry",£50.89,In stock (14 available),aa35446aab16017f
"Red Hood/Arsenal, Vol. 1: Open for Business (Red Hood/Arsenal #1)",£25.48,In stock (14 available),31e2e2d9cca3778f
Robin War,£47.82,In stock (14 available),85b2176b3b194030
See America: A Celebration of Our National Parks & Treasured Sites,£48.87,In stock (14 available),f9705c362f070608
salt.,£46.78,In stock (14 available),86cbddb61ea78bb7
Shtum,£55.84,In stock (14 available),830fb3967c74866d
"So Cute It Hurts!!, Vol. 6 (So Cute It Hurts!! #6)",£35.43,In stock (14 available),394f6d30cafc3edb
Someone Like You (The Harrisons #2),£52.79,In stock (14 available),a278db6b2b09cf9f
Sorting the Beef from the Bull: The Science of Food Fraud Forensics,£44.74,In stock (14 available),3edcccc4f341fb1a
Still Life with Bread Crumbs,£26.41,In stock (14 available),fe44cc816576c652
Steve Jobs,£39.50,In stock (14 available),95019eac1c0a052f
Superman Vol. 1: Before Truth (Superman by Gene Luen Yang #1),£11.89,In stock (14 available),ac8e3949d284e9a9
Swell: A Year of Waves,£45.58,In stock (14 available),4c8b7540409da4ac
Wild Swans,£14.36,In stock (14 available),3fb15ace50d6142b
"Wonder Woman: Earth One, Volume One (Wonder Woman: Earth One #1)",£37.34,In stock (14 available),047097293bb4d1c0
You (You #1),£43.61,In stock (14 available),024387ca4cafd5cc
Why the Right Went Wrong: Conservatism--From Goldwater to the Tea Party and Beyond,£52.65,In stock (14 available),2b5054a4192e9b06
Agnostic: A Spirited Manifesto,£12.51,In stock (15 available),d195e7f4ed697350
Zealot: The Life and Times of Jesus of Nazareth,£24.70,In stock (14 available),dd5bfa6cc2c0ecc3
Amatus,£50.54,In stock (15 available),ffd54178acc9a6a5
Amid the Chaos,£36.58,In stock (15 available),bb8245f52c7cce8f
Anonymous,£46.82,In stock (15 available),d24b829be2ca81c4
Amy Meets the Saints and Sages,£18.46,In stock (15 available),7ebfa6c1bee69e1e
Ayumi's Violin,£15.48,In stock (15 available),05f7c6d9a4e582d3
Batman: The Dark Knight Returns (Batman),£15.38,In stock (15 available),47271d8e08b5d31c
Beauty Restored (Riley Family Legacy Novellas #3),£11.11,In stock (15 available),3f69e667a67e54d9
Batman: The Long Halloween (Batman),£36.50,In stock (15 available),7edc0527cf782e19
Big Magic: Creative Living Beyond Fear,£30.80,In stock (15 available),1f329c2e7d7de8bd
Becoming Wise: An Inquiry into the Mystery and Art of Living,£27.43,In stock (15 available),919e7cb2269a25d2
Close to You,£49.46,In stock (15 available),a57b1dcbd6849222
Chasing Heaven: What Dying Taught Me About Living,£37.80,In stock (15 available),513271dadc1322ae
"Daring Greatly: How the Courage to Be Vulnerable Transforms the Way We Live, Love, Parent, and Lead",£19.43,In stock (15 available),3b9a3b4624b7fd6d
Dark Notes,£19.19,In stock (15 available),88c21fcd38e2486e
"Hyperbole and a Half: Unfortunate Situations, Flawed Coping Mechanisms, Mayhem, and Other Things That Happened",£14.75,In stock (14 available),fbb21a2f71f4d981
"Hush, Hush (Hush, Hush #1)",£47.02,In stock (14 available),6b6cd77fbc91b7a6
I Know What I'm Doing -- and Other Lies I Tell Myself: Dispatches from a Life Under Construction,£25.98,In stock (14 available),b8a8ff84233f0570
I Am Pilgrim (Pilgrim #1),£10.60,In stock (14 available),aeff7b87a8e83ebb
Island of Dragons (Unwanteds #7),£29.65,In stock (14 available),2b52334fab158861
"It's All Easy: Healthy, Delicious Weeknight Meals in under 30 Minutes",£19.55,In stock (14 available),245e6bf08b8d2955
Lady Midnight (The Dark Artifices #1),£16.28,In stock (14 available),708345c9897fd7c5
Let It Out: A Journey Through Journaling,£26.79,In stock (14 available),1174156c4a0eccaa
Looking for Lovely: Collecting the Moments that Matter,£29.14,In stock (14 available),24af96df0bafb925
Love Is a Mix Tape (Music #1),£18.03,In stock (14 available),adb5f51c2e2ab13f
Lowriders to the Center of the Earth (Lowriders in Space #2),£51.51,In stock (14 available),a10c7515834240f3
"Living Leadership by Insight: A Good Leader Achieves, a Great Leader Builds Monuments",£46.91,In stock (14 available),17fb5a88180f9904
Luckiest Girl Alive,£49.83,In stock (14 available),d512871626a5e588
Made to Stick: Why Some Ideas Survive and Others Die,£38.85,In stock (14 available),b96fc7a0ea7d4b45
Luis Paints the World,£53.95,In stock (14 available),5b43cae640f2338a
More Than Music (Chasing the Dream #1),£37.61,In stock (14 available),47d47155e89c8be7
My Name Is Lucy Barton,£41.56,In stock (14 available),727bf2b86b19ad88
Mr. Mercedes (Bill Hodges Trilogy #1),£28.90,In stock (14 available),caa2e5b3fb1b2d4c
My Kind of Crazy,£40.36,In stock (14 available),137b0b2775701e11
My Mrs. Brown,£24.48,In stock (14 available),cc82685d9f49bc2c
Cometh the Hour (The Clifton Chronicles #6),£25.01,In stock (14 available),28cf0d1c51b491e5
Daily Fantasy Sports,£36.58,In stock (14 available),0e94a089328be4bc
Crazy Love: Overwhelmed by a Relentless God,£47.72,In stock (14 available),4b9d9cfe0f435788
Dear Mr. Knightley,£11.21,In stock (14 available),94a958ea126cdcd5
Demigods & Magicians: Percy and Annabeth Meet the Kanes (Percy Jackson & Kane Chronicles Crossover #1-3),£37.51,In stock (14 available),3c6fe637a0180b01
Doctor Sleep (The Shining #2),£40.12,In stock (14 available),bf5de316a5e9a4ab
"Eat Fat, Get Thin",£54.07,In stock (14 available),047dfa57ba0bf638
Don't Get Caught,£55.35,In stock (14 available),ad2887ce04583910
"Eaternity: More than 150 Deliciously Easy Vegan Recipes for a Long, Healthy, Satisfied, Joyful Life",£51.75,In stock (14 available),a01f6d368ef64dc5
Eight Hundred Grapes,£14.39,In stock (14 available),1d6dd0c87d90fe92
El Deafo,£57.62,In stock (14 available),27c5968fe43cc06e
Eligible (The Austen Project #4),£27.09,In stock (14 available),9eaf58b03a2779cc
Every Last Word,£46.47,In stock (14 available),a2bd4ca82d908442
"Far & Away: Places on the Brink of Change: Seven Continents, Twenty-Five Years",£15.06,In stock (14 available),ac4dde0d1be05de0
Glory over Everything: Beyond The Kitchen House,£45.84,In stock (14 available),de4b403cb629a29f
Feathers: Displays of Brilliant Plumage,£49.05,In stock (14 available),9194ae88379dbf1a
Greek Mythic History,£10.23,In stock (14 available),f201f263d8c23f97
God: The Most Unpleasant Character in All Fiction,£30.03,In stock (14 available),eec424a84c9e4c68
Hamilton: The Revolution,£58.79,In stock (14 available),afa829857f82f99e
Hold Your Breath (Search and Rescue #1),£28.82,In stock (14 available),0b165bd4b9f42fd5
Angels & Demons (Robert Langdon #1),£51.48,In stock (14 available),ad41c24ccac0c7ce
Angels Walking (Angels Walking #1),£34.20,In stock (14 available),1fbb5f786e53a0ce
Aristotle and Dante Discover the Secrets of the Universe (Aristotle and Dante Discover the Secrets of the Universe #1),£58.14,In stock (14 available),41164b8ac02a2c42
Art Ops Vol. 1,£48.80,In stock (14 available),ffdc825785c0ede8
Barefoot Contessa at Home: Everyday Recipes You'll Make Over and Over Again,£50.62,In stock (14 available),0e0da9192a025efc
Balloon Animals,£17.03,In stock (14 available),9b65f676984c9f0c
Barefoot Contessa Back to Basics,£28.01,In stock (14 available),999912e63a3262ae
Batman: Europa,£32.01,In stock (14 available),bf68dcb5fad3cc8c
Brain on Fire: My Month of Madness,£49.32,In stock (14 available),a80f66b254fe9eb3
"Carry On, Warrior: Thoughts on Life Unarmed",£31.85,In stock (14 available),1b0fc9f777cad045
Buying In: The Secret Dialogue Between What We Buy and Who We Are,£37.80,In stock (14 available),16ef91b9d827859c
Catching Jordan (Hundred Oaks),£50.83,In stock (14 available),e2e7b683b4c15b7d
Cell,£20.29,In stock (14 available),bfbb54bc8cdeed2b
City of Ashes (The Mortal Instruments #2),£47.27,In stock (14 available),8a6ec2761f91dad2
City of Bones (The Mortal Instruments #1),£43.28,In stock (14 available),5b987e54ee72525c
Carrie,£46.23,In stock (14 available),5f22418922fa728b
City of Fallen Angels (The Mortal Instruments #4),£11.23,In stock (14 available),1e264c677d4ee4ae
City of Glass (The Mortal Instruments #3),£56.02,In stock (14 available),966ebb738e0f9d9b
Clockwork Angel (The Infernal Devices #1),£44.14,In stock (14 available),42b0c50fc44140ec
Will You Won't You Want Me?,£13.86,In stock (12 available),077b635ff2afc578
Code Name Verity (Code Name Verity #1),£22.13,In stock (14 available),33a3e0e3ffde0dcd
The Silent Sister (Riley MacPherson #1),£46.29,In stock (12 available),ce1ae197ada2aec4
The Star-Touched Queen,£32.30,In stock (12 available),4a7a25be293ad678
Tipping Point for Planet Earth: How Close Are We to the Edge?,£37.55,In stock (12 available),148715df5a02ea5e
13 Hours: The Inside Account of What Really Happened In Benghazi,£27.06,In stock (13 available),4be9d1910f8a4e80
My Kitchen Year: 136 Recipes That Saved My Life,£11.53,In stock (13 available),8bbd7df8a324f31d
Searching for Meaning in Gailana,£38.73,In stock (13 available),2f0213137a80d485
Rook,£37.86,In stock (13 available),44d97b6707dae3f0
"The Three Searches, Meaning, and the Story",£13.33,In stock (13 available),ac5e0d3938caf686
1491: New Revelations of the Americas Before Columbus,£21.80,In stock (14 available),6e8e5626ac4d279e
A Brush of Wings (Angels Walking #3),£55.51,In stock (14 available),01a177623cce9596
A Distant Mirror: The Calamitous 14th Century,£14.58,In stock (14 available),d5e0526e1ab682a3
A Man Called Ove,£39.72,In stock (14 available),8682c03de6a844ff
A People's History of the United States,£40.79,In stock (14 available),1ad06aed9349af46
"A Series of Catastrophes and Miracles: A True Story of Love, Science, and Cancer",£56.48,In stock (14 available),c1379d3744f1dd2c
A Study in Scarlet (Sherlock Holmes #1),£16.73,In stock (14 available),63ee5bc46066a8a8
A Time of Torment (Charlie Parker #14),£48.35,In stock (14 available),4416c474713ec1f5
Abstract City,£56.37,In stock (14 available),cf1aa2fc02a7d1e0
"Adulthood Is a Myth: A ""Sarah's Scribbles"" Collection",£10.90,In stock (14 available),5319169a72714c62
All the Light We Cannot See,£29.87,In stock (14 available),39861fc1c0845d15
"Life, the Universe and Everything (Hitchhiker's Guide to the Galaxy #3)",£33.26,In stock (3 available),4b3f4f151c99f472
Lila (Gilead #3),£12.47,In stock (3 available),4ef75307fb64e2ad
Lust & Wonder,£11.87,In stock (3 available),0dcadb06206abd3c
Manuscript Found in Accra,£34.98,In stock (3 available),546da23278482b0a
Midnight Riot (Peter Grant/ Rivers of London - books #1),£55.46,In stock (3 available),e9056f9b5a40a301
Me Talk Pretty One Day,£57.60,In stock (3 available),abc4a7ee16c21088
"Miracles from Heaven: A Little Girl, Her Journey to Heaven, and Her Amazing Story of Healing",£57.83,In stock (3 available),7980fa06f2b704d8
Morning Star (Red Rising #3),£29.40,In stock (3 available),7ce5a92baabb6bc0
Naked,£31.69,In stock (3 available),54aeeb4610d3ae08
Neither Here nor There: Travels in Europe,£38.95,In stock (3 available),747cf7fca2ccdbd4
Night (The Night Trilogy #1),£13.51,In stock (3 available),c4d9fce9eff3b8ba
Notes from a Small Island (Notes From a Small Island #1),£40.17,In stock (3 available),cb65e49993db9a93
Shopaholic & Baby (Shopaholic #5),£46.45,In stock (3 available),c57d3c96af23c297
Soldier (Talon #3),£24.72,In stock (3 available),feaaae90514eb2ac
Something Blue (Darcy & Rachel #2),£54.62,In stock (3 available),3fc9d51d1c4d6ba7
Something Borrowed (Darcy & Rachel #1),£48.96,In stock (3 available),ac27ab4bcd9c492e
Spilled Milk: Based on a True Story,£49.51,In stock (3 available),f08667e4c0458f37
Stiff: The Curious Lives of Human Cadavers,£36.74,In stock (3 available),a11ae5f07572ef49
"Surely You're Joking, Mr. Feynman!: Adventures of a Curious Character",£25.83,In stock (3 available),61002f3b7ba5d780
The Art of Fielding,£22.10,In stock (3 available),2858ac90c4758e1f
The Autobiography of Malcolm X,£23.43,In stock (3 available),b04a6a0db525857d
"The Art of Simple Food: Notes, Lessons, and Recipes from a Delicious Revolution",£34.32,In stock (3 available),311634df10651e05
The Book of Basketball: The NBA According to The Sports Guy,£44.84,In stock (3 available),08decd9664e5d56e
The Blind Side: Evolution of a Game,£53.71,In stock (3 available),cd3dcd83bb002e78
The Book Thief,£53.49,In stock (3 available),a75e274c8814b539
The Case for Christ (Cases for Christianity),£47.84,In stock (3 available),970bd3316219e7dc
The Catcher in the Rye,£24.55,In stock (3 available),487449f4f6322f0f
The Cat in the Hat (Beginner Books B-1),£16.26,In stock (3 available),b7f475238ed50429
The Complete Stories and Poems (The Works of Edgar Allan Poe [Cameo Edition]),£26.78,In stock (3 available),cad70d6ffd53912f
The Complete Poems,£41.32,In stock (3 available),23707d3ddf14a999
The Da Vinci Code (Robert Langdon #2),£22.96,In stock (3 available),dabf11918b48b40c
The Cuckoo's Calling (Cormoran Strike #1),£19.21,In stock (3 available),1be6d3b121865edb
How to Speak Golf: An Illustrated Guide to Links Lingo,£58.32,In stock (12 available),b978c9852cde91bd
Most Wanted,£35.28,In stock (12 available),c039f5aceb093537
Murder at the 42nd Street Library (Raymond Ambler #1),£54.36,In stock (12 available),e7fe3bf2768602cf
"Love, Lies and Spies",£20.55,In stock (12 available),9546d537fbf99eb6
Psycho: Sanitarium (Psycho #1.5),£36.97,In stock (12 available),b8d7b3f5c7a95d65
One with You (Crossfire #5),£15.71,In stock (12 available),81ef44fcc5f454df
No Love Allowed (Dodge Cove #1),£54.65,In stock (12 available),db84624b151cbe06
Poisonous (Max Revere Novels #3),£26.80,In stock (12 available),abdd91e96515a617
Quench Your Own Thirst: Business Lessons Learned Over a Beer or Two,£43.14,In stock (12 available),8976d9161c027142
Raspberry Pi Electronics Projects for the Evil Genius,£49.67,In stock (12 available),ebf81a62e4798fd1
Snatched: How A Drug Queen Went Undercover for the DEA and Was Kidnapped By Colombian Guerillas,£21.21,In stock (12 available),f40fea200e0c644f
Stars Above (The Lunar Chronicles #4.5),£48.05,In stock (12 available),b63ea3f7a57ae099
The Children,£11.88,In stock (12 available),64fd010bf8d15096
The Diary of a Young Girl,£59.90,In stock (12 available),54fc03f1e1d355db
The Dinner Party,£56.54,In stock (12 available),c6ca293d4810e0d5
The Epidemic (The Program 0.6),£14.44,In stock (12 available),f732d7d18a91d2ba
The Golden Condom: And Other Essays on Love Lost and Found,£39.43,In stock (12 available),235fa48eeed11d82
The Lonely City: Adventures in the Art of Being Alone,£33.26,In stock (12 available),582a21a1dbbef3cf
The Gray Rhino: How to Recognize and Act on the Obvious Dangers We Ignore,£59.15,In stock (12 available),3063c7e95d0bf76f
The Midnight Watch: A Novel of the Titanic and the Californian,£26.20,In stock (12 available),14e44163678e24dc
Packing for Mars: The Curious Science of Life in the Void,£56.68,In stock (3 available),8e2dfd6bcf48e1e6
Orange Is the New Black,£24.61,In stock (3 available),8378c899988905ee
Original Fake,£31.45,In stock (3 available),c59283b05905c853
One for the Money (Stephanie Plum #1),£32.87,In stock (3 available),3250650a5c4e6f07
Outliers: The Story of Success,£14.16,In stock (3 available),09a7b0b566ad6225
Prodigy: The Graphic Novel (Legend: The Graphic Novel #2),£43.63,In stock (3 available),9707989a439757b4
Quiet: The Power of Introverts in a World That Can't Stop Talking,£43.55,In stock (3 available),3c565df219ba3274
Persepolis: The Story of a Childhood (Persepolis #1-2),£39.13,In stock (3 available),cb62418129b864a3
Ready Player One,£19.07,In stock (3 available),2ef5dc7e278e562a
Rework,£44.88,In stock (3 available),8e9dd8431170c09e
Red: The True Story of Red Riding Hood,£28.54,In stock (3 available),4c8ece50736f9e88
Reservations for Two,£11.10,In stock (3 available),ecdf73ee66c33b17
"Rise of the Rocket Girls: The Women Who Propelled Us, from Missiles to the Moon to Mars",£41.67,In stock (3 available),89cad3f37c9ce226
"Saga, Volume 3 (Saga (Collected Editions) #3)",£21.57,In stock (3 available),7b870bf85d01c2dc
Rogue Lawyer (Rogue Lawyer #1),£50.11,In stock (3 available),b4f5672f68ec3a83
Running with Scissors,£12.91,In stock (3 available),28921443f052bea6
Sarah's Key,£46.29,In stock (3 available),5b2cd5b31a510848
Scarlet (The Lunar Chronicles #2),£14.57,In stock (3 available),510832818edb6fbc
Seven Brief Lessons on Physics,£30.60,In stock (3 available),281a244ce1954711
Seven Days in the Art World,£52.33,In stock (3 available),07806456878931bc
Golden (Heart of Dread #3),£42.21,In stock (3 available),984b3b6e7479b571
"Grayson, Vol 3: Nemesis (Grayson #3)",£42.72,In stock (3 available),4f6985aca357ae09
Gratitude,£26.66,In stock (3 available),c300cc9326592b65
Gone Girl,£37.60,In stock (3 available),d5c588b6f9c015e4
Green Eggs and Ham (Beginner Books B-16),£10.79,In stock (3 available),621e2c310cec8d32
The Smitten Kitchen Cookbook,£23.59,In stock (3 available),742702d662a71410
Holidays on Ice,£51.07,In stock (3 available),0cb4856be3694a57
The Stand,£57.86,In stock (3 available),49f24193f0b961e6
Heir to the Sky,£44.07,In stock (3 available),b003f8bb02f76dc5
The Tipping Point: How Little Things Can Make a Big Difference,£10.02,In stock (3 available),224fa77d4b248046
The Travelers,£15.77,In stock (3 available),2b685187f55c5d31
The Thing About Jellyfish,£48.77,In stock (3 available),3d15714d4d3d15dd
The Undomestic Goddess,£45.75,In stock (3 available),813cff2aefa5d1f0
Three-Martini Lunch,£23.21,In stock (3 available),57f755143ee96fd4
The Wild Robot,£56.07,In stock (3 available),75fed6a47f69859d
"The Wicked + The Divine, Vol. 3: Commercial Suicide (The Wicked + The Divine)",£14.41,In stock (3 available),a33ed2e6068df53e
"Thinking, Fast and Slow",£21.14,In stock (3 available),719d72f3ee512dc6
"Trespassing Across America: One Man's Epic, Never-Done-Before (and Sort of Illegal) Hike Across the Heartland",£53.51,In stock (3 available),2173a2ce35f6ace1
Twenties Girl,£42.80,In stock (3 available),8ebad30219b8679c
Twilight (Twilight #1),£41.93,In stock (3 available),b53078de0147f6bf
Two Boys Kissing,£32.74,In stock (3 available),61bc8167c9680283
Under the Banner of Heaven: A Story of Violent Faith,£30.00,In stock (3 available),599a4f98bb193368
"Unstuffed: Decluttering Your Home, Mind, and Soul",£58.09,In stock (3 available),b830685072fa871f
Vegan Vegetarian Omnivore: Dinner for Everyone at the Table,£13.66,In stock (3 available),4672d10b9b1e7a05
Very Good Lives: The Fringe Benefits of Failure and the Importance of Imagination,£50.66,In stock (3 available),52aa3d79b1cee455
Voyager (Outlander #3),£21.07,In stock (3 available),7feac4000cbc5859
Walk the Edge (Thunder Road #2),£32.36,In stock (3 available),0e4e2d31c2fb3aad
The Lonely Ones,£43.59,In stock (3 available),cf2f27fdf94ba20e
The Lover's Dictionary,£58.09,In stock (3 available),36c15687f5ab0f7c
The Name of God is Mercy,£37.25,In stock (3 available),0baf71623648413a
The Nanny Diaries (Nanny #1),£52.53,In stock (3 available),6263c1d2997b8ce0
The New Guy (and Other Senior Year Distractions),£44.92,In stock (3 available),3e42ac0f4d43320f
The Maze Runner (The Maze Runner #1),£20.93,In stock (3 available),4266f48a0aa1c37d
The Paris Wife,£36.80,In stock (3 available),fa26798728f5208f
The Nightingale,£26.26,In stock (3 available),29d6d87f3418638b
The Obsession,£45.43,In stock (3 available),ee441c8e027caa66
The Picture of Dorian Gray,£29.70,In stock (3 available),b9f6305a3d650e2c
The Purest Hook (Second Circle Tattoos #3),£12.25,In stock (3 available),969f6c7e86554814
The Purpose Driven Life: What on Earth Am I Here for?,£37.19,In stock (3 available),0e7beedf0ee9380c
The Red Tent,£35.66,In stock (3 available),3c456328b04a8ee8
The Rest Is Noise: Listening to the Twentieth Century,£34.77,In stock (3 available),e2d47e82c50d41d9
The Restaurant at the End of the Universe (Hitchhiker's Guide to the Galaxy #2),£10.92,In stock (3 available),0e92ccf1bd39e68f
The Rose & the Dagger (The Wrath and the Dawn #2),£58.64,In stock (3 available),322a9e34d87f54b1
The Rise of Theodore Roosevelt (Theodore Roosevelt #1),£42.57,In stock (3 available),1a5044d233936b1a
The Road to Little Dribbling: Adventures of an American in Britain (Notes From a Small Island #2),£23.21,In stock (3 available),366a236aa1ea6f07
"The Sandman, Vol. 3: Dream Country (The Sandman (volumes) #3)",£55.55,In stock (3 available),91eb9605998a7c03
The Silkworm (Cormoran Strike #2),£23.05,In stock (3 available),f06039c29b5891fa
The Day the Crayons Came Home (Crayons),£26.33,In stock (3 available),b22362b434e8ee62
The Demon-Haunted World: Science as a Candle in the Dark,£52.25,In stock (3 available),f51062bf579507d9
"The Disappearing Spoon: And Other True Tales of Madness, Love, and the History of the World from the Periodic Table of the Elements",£57.35,In stock (3 available),63c0826ef59eae66
"The Elegant Universe: Superstrings, Hidden Dimensions, and the Quest for the Ultimate Theory",£13.03,In stock (3 available),c6bf14cb901c63ac
"The End of Faith: Religion, Terror, and the Future of Reason",£22.13,In stock (3 available),b3f2bc2cefb35f05
The Devil Wears Prada (The Devil Wears Prada #1),£44.29,In stock (3 available),a6ab0cb7106a67f2
The Exiled,£43.45,In stock (3 available),dd003e904727281a
The Girl Who Kicked the Hornet's Nest (Millennium Trilogy #3),£57.48,In stock (3 available),8f5d16a5a9bd58b2
The Girl with All the Gifts,£49.47,In stock (3 available),92dcc54a27107a37
The Girl Who Played with Fire (Millennium Trilogy #2),£22.14,In stock (3 available),bfa9cb304075d3e8
The Goldfinch,£43.58,In stock (3 available),c88422d8959260ab
The Guernsey Literary and Potato Peel Pie Society,£49.53,In stock (3 available),4a0a276409968a73
The Guns of August,£14.54,In stock (3 available),b5da59dd177eb36b
The Giver (The Giver Quartet #1),£12.30,In stock (3 available),e2dac1f4739e0bd5
The Hitchhiker's Guide to the Galaxy (Hitchhiker's Guide to the Galaxy #1),£47.80,In stock (3 available),a8b0ea6490bc818f
The Husband's Secret,£52.51,In stock (3 available),ff6bb30dd0c482a6
"The Land of 10,000 Madonnas",£29.64,In stock (3 available),35e69a79d2b1e804
The Infinities,£27.41,In stock (3 available),554e9e2d532b3a87
Horrible Bear!,£37.52,In stock (3 available),cc1ac978a6835ef6
The Last Painting of Sara de Vos,£55.55,In stock (3 available),476c7972e9b41891
House of Leaves,£54.89,In stock (3 available),557c03c284be1bf2
The Lean Startup: How Today's Entrepreneurs Use Continuous Innovation to Create Radically Successful Businesses,£33.92,In stock (3 available),70c7c3ca7f9b2728
"House of Lost Worlds: Dinosaurs, Dynasties, and the Story of Life on Earth",£43.70,In stock (3 available),1812b8f5641287e3
Hungry Girl Clean & Hungry: Easy All-Natural Recipes for Healthy Eating in the Real World,£33.14,In stock (3 available),6c4d17a46cac8787
I Am Malala: The Girl Who Stood Up for Education and Was Shot by the Taliban,£28.88,In stock (3 available),8010c7c148057fd3
I've Got Your Number,£19.69,In stock (3 available),6b32b561dab8036c
"In the Garden of Beasts: Love, Terror, and an American Family in Hitler's Berlin",£28.85,In stock (3 available),d8292cd5f1aca291
Into the Wild,£56.70,In stock (3 available),a7c3f1010d64799a
If I Run (If I Run #1),£49.97,In stock (3 available),61569d12d4ae7161
Inferno (Robert Langdon #4),£41.00,In stock (3 available),6c4646d90b60a56c
Is Everyone Hanging Out Without Me? (And Other Concerns),£20.11,In stock (3 available),034829ffdd0a0aea
It's Never Too Late to Begin Again: Discovering Creativity and Meaning at Midlife and Beyond,£42.38,In stock (3 available),d4a29356fc992879
Jurassic Park (Jurassic Park #1),£44.97,In stock (3 available),a0dd11f6abc421ec
Do Androids Dream of Electric Sheep? (Blade Runner #1),£51.48,In stock (3 available),98330e431e56a9ea
Eragon (The Inheritance Cycle #1),£43.87,In stock (3 available),b843f52a986a2914
Dracula,£52.62,In stock (3 available),a7ec599c1a547746
Dune (Dune #1),£54.86,In stock (3 available),36d5884d44484277
Eclipse (Twilight #3),£18.74,In stock (3 available),73f71f9556442117
Fellside,£38.62,In stock (3 available),147019cae600694e
Extreme Prey (Lucas Davenport #26),£25.40,In stock (3 available),588ba85ff11a3263
Fifty Shades Freed (Fifty Shades #3),£15.36,In stock (3 available),ed813a848580ba50
Fire Bound (Sea Haven/Sisters of the Heart #5),£21.28,In stock (3 available),2ed3a794a70aa85f
"Friday Night Lights: A Town, a Team, and a Dream",£51.22,In stock (3 available),a9aa3ed5b316470b
"Fruits Basket, Vol. 3 (Fruits Basket #3)",£45.17,In stock (3 available),d5f5a122a593b580
Girl in the Blue Coat,£46.83,In stock (3 available),41fc5dce044f16f5
Girl Online On Tour (Girl Online #2),£53.47,In stock (2 available),97b8f130d32e9f4e
Kindle Paperwhite User's Guide,£34.00,In stock (2 available),fb495f9f9015a772
H is for Hawk,£57.42,In stock (2 available),b6d3f4f4ee1f6069
Life,£31.58,In stock (2 available),637e5a45062aa548
New Moon (Twilight #2),£12.86,In stock (2 available),6fa3ea52c8e31e06
"Run, Spot, Run: The Ethics of Keeping Pets",£20.02,In stock (2 available),b0e479be03911916
"Saga, Volume 2 (Saga (Collected Editions) #2)",£11.75,In stock (2 available),9189fd009df41d0e
The Course of Love,£16.78,In stock (2 available),f3c76b53b239f511
Sugar Rush (Offensive Line #2),£24.42,In stock (2 available),ce42e3de94226b2b
"The Sandman, Vol. 2: The Doll's House (The Sandman (volumes) #2)",£54.81,In stock (2 available),276dc716b1da8899
The Sense of an Ending,£31.38,In stock (2 available),4130678275eb7c8c
"The Suffragettes (Little Black Classics, #96)",£11.89,In stock (2 available),d2185b65af52d68c
#GIRLBOSS,£50.96,In stock (3 available),165affa7adb5eded
A Heartbreaking Work of Staggering Genius,£54.29,In stock (3 available),c9770bb1d5a492a0
A Visit from the Goon Squad,£14.08,In stock (3 available),5dbd6ec4e154ad2f
A Storm of Swords (A Song of Ice and Fire #3),£31.22,In stock (3 available),87beabf664115d79
8 Keys to Mental Health Through Exercise,£31.04,In stock (3 available),f5873c8fc7760000
A Walk in the Woods: Rediscovering America on the Appalachian Trail,£30.48,In stock (3 available),bcee4f289ff6699c
And Then There Were None,£35.01,In stock (3 available),cfe350b20d23b02b
Annie on My Mind,£36.83,In stock (3 available),7bf87402413c27ff
Are We Smart Enough to Know How Smart Animals Are?,£56.58,In stock (3 available),da0349a87c8caa2f
Are We There Yet?,£10.66,In stock (3 available),ef9c4f2465513956
Ash,£22.06,In stock (3 available),5d22e2a46604b6e7
Awkward,£38.02,In stock (3 available),1d89a2aa9f6ce50f
Beautiful Creatures (Caster Chronicles #1),£21.55,In stock (3 available),5439bae708bca198
Beowulf,£38.35,In stock (3 available),3fb69f34e178d494
Best of My Love (Fool's Gold #20),£27.41,In stock (3 available),67dea6c75d6a1075
Between Shades of Gray,£20.79,In stock (3 available),155e42df837ee5ff
Big Little Lies,£22.11,In stock (3 available),d3f9c4539c0caa64
"Born to Run: A Hidden Tribe, Superathletes, and the Greatest Race the World Has Never Seen",£27.35,In stock (3 available),e256de8aa0c2115f
"Black Butler, Vol. 1 (Black Butler #1)",£49.31,In stock (3 available),15f415d436888b2d
Blink: The Power of Thinking Without Thinking,£21.74,In stock (3 available),0bbc48294707ba96
Black Flags: The Rise of ISIS,£40.87,In stock (3 available),860318b8e244f39c
Boy Meets Boy,£21.12,In stock (3 available),8e0bc2fe4e7d35b5
Brave Enough,£51.32,In stock (3 available),fd2337c1b73b686e
Breaking Dawn (Twilight #4),£35.28,In stock (3 available),bbfc4a3b7b6c94a0
Career of Evil (Cormoran Strike #3),£24.72,In stock (3 available),b461cf238506c5b8
Cinder (The Lunar Chronicles #1),£26.09,In stock (3 available),7e9579921e5407cb
The Selfish Gene,£29.45,In stock (1 available),6f2c0a9adbb2bca9
Civilization and Its Discontents,£59.95,In stock (3 available),396385e3de5d18c3
Catastrophic Happiness: Finding Joy in Childhood's Messy Years,£37.35,In stock (3 available),ef49db2aaa9bb547
The Silent Twin (Detective Jennifer Knight #3),£36.25,In stock (1 available),9e9932ae1a7d0943
The Story of Hong Gildong,£43.19,In stock (1 available),32d035df92ab9080
The Tumor,£41.56,In stock (1 available),6514add13c82b115
The Silent Wife,£12.34,In stock (1 available),b78deb463531d078
"The Wicked + The Divine, Vol. 1: The Faust Act (The Wicked + The Divine)",£36.52,In stock (1 available),dac9d1e654fac737
The Zombie Room,£19.69,In stock (1 available),9c96cd1329fbd82d
This One Moment (Pushing Limits #1),£48.71,In stock (1 available),d6d98d3508c30f57
Three Wishes (River of Time: California #1),£44.18,In stock (1 available),460f97a346b44bac
Travels with Charley: In Search of America,£57.82,In stock (1 available),0268f149d014b389
"Vampire Knight, Vol. 1 (Vampire Knight #1)",£15.40,In stock (1 available),e7e87087b1a44711
Twenty Love Poems and a Song of Despair,£30.95,In stock (1 available),e63c3f25338baf9a
Vampire Girl (Vampire Girl #1),£53.82,In stock (1 available),dab5e75d1339706a
When I'm Gone,£51.96,In stock (1 available),c5f91eb481427dc5
Ways of Seeing,£39.51,In stock (1 available),66a4e422b212726a
Where Lightning Strikes (Bleeding Stars #3),£39.77,In stock (1 available),def389ddfda6991b
While You Were Mine,£41.32,In stock (1 available),8ceb5c6aed2c5f8b
"Y: The Last Man, Vol. 1: Unmanned (Y: The Last Man #1)",£18.51,In stock (1 available),09d26b5f819c6a36
Diary of a Minecraft Zombie Book 1: A Scare of a Dare (An Unofficial Minecraft Book),£52.88,In stock (2 available),d7b463918d3b8c39
"Fruits Basket, Vol. 2 (Fruits Basket #2)",£11.64,In stock (2 available),c0db71f6bb14db11
The Communist Manifesto,£14.76,In stock (1 available),18b4545a5ed15581
The Complete Maus (Maus #1-2),£10.64,In stock (1 available),3301af038a720587
The End of the Jesus Era (An Investigation #1),£14.40,In stock (1 available),09659d1639a1f978
The Edge of Reason (Bridget Jones #2),£19.18,In stock (1 available),29fc016c459aeb14
The Girl In The Ice (DCI Erika Foster #1),£15.85,In stock (1 available),ee61197edb882599
The Girl You Lost,£12.29,In stock (1 available),4280ac3eab57aa5d
The Haters,£27.89,In stock (1 available),fff8a057a40c4a60
The Hook Up (Game On #1),£36.29,In stock (1 available),6e473eff459e809f
The Iliad,£16.16,In stock (1 available),86d8bd7afa5b51b3
The Last Girl (The Dominion Trilogy #1),£36.26,In stock (1 available),16c71736dae78764
The Light of the Fireflies,£54.43,In stock (1 available),04e43893e32f9d29
The Mirror & the Maze (The Wrath and the Dawn #1.5),£29.38,In stock (1 available),c40b70e0f6d80189
The Little Prince,£45.42,In stock (1 available),1aeca7d078d57deb
The Name of the Wind (The Kingkiller Chronicle #1),£50.59,In stock (1 available),c8614adb1a90b027
The Nicomachean Ethics,£36.34,In stock (1 available),5c10b64db3e4f228
The No. 1 Ladies' Detective Agency (No. 1 Ladies' Detective Agency #1),£57.70,In stock (1 available),b0913e67d38d5ed5
The Odyssey,£29.64,In stock (1 available),f0512adadffd2480
The Republic,£33.78,In stock (1 available),0ec9d2b018fb10d8
"The Sandman, Vol. 1: Preludes and Nocturnes (The Sandman (volumes) #1)",£54.12,In stock (1 available),5faefdc861684eb1
The Secret Healer,£34.56,In stock (1 available),38f776ab9118aed7
One Second (Seven #7),£52.94,In stock (1 available),7ea31f38675b91c1
"Ouran High School Host Club, Vol. 1 (Ouran High School Host Club #1)",£29.87,In stock (1 available),326825e02a198cf6
Origins (Alphas 0.5),£28.99,In stock (1 available),8932e5c12f12ffed
"Paper Girls, Vol. 1 (Paper Girls #1-5)",£21.71,In stock (1 available),bcbcbcf0f6ed196f
Paradise Lost (Paradise #1),£24.96,In stock (1 available),849db7ab7f4a640c
"Rat Queens, Vol. 1: Sass & Sorcery (Rat Queens (Collected Editions) #1-5)",£46.96,In stock (1 available),3cdca3b4a93980f5
"Rhythm, Chord & Malykhin",£28.34,In stock (1 available),9efb397067eb7e8a
"Saga, Volume 1 (Saga (Collected Editions) #1)",£28.48,In stock (1 available),4f64568dfefa3ce7
Sense and Sensibility,£37.46,In stock (1 available),35e44170702139a4
Shadow Rites (Jane Yellowrock #10),£21.72,In stock (1 available),229cd6564bf0dce4
Settling the Score (The Summer Games #1),£44.91,In stock (1 available),132adf7335bb384a
Shameless,£58.35,In stock (1 available),c068c013d6921fea
Shatter Me (Shatter Me #1),£42.40,In stock (1 available),9ed7090d8fa690b0
Sister Sable (The Mad Queen #1),£13.33,In stock (1 available),3a9a7c5895e82646
"Skip Beat!, Vol. 01 (Skip Beat! #1)",£42.12,In stock (1 available),2ac720f76384c57e
Starlark,£25.83,In stock (1 available),e25164e5b3fe208b
Taking Shots (Assassins #1),£18.88,In stock (1 available),a7eef9d6795422c1
The Art of Not Breathing,£40.83,In stock (1 available),5bc1fbccfbf2355c
The Bette Davis Club,£30.66,In stock (1 available),dfb0849016bc122c
The Bhagavad Gita,£57.49,In stock (1 available),f3a0b8c835129558
It's Only the Himalayas,£45.17,In stock (19 available),a22124811bfa8350
Mesaerion: The Best Science Fiction Stories 1800-1849,£37.59,In stock (19 available),e30f54cea9b38190
Libertarianism for Beginners,£51.33,In stock (19 available),a18a4f574854aced
Olio,£23.88,In stock (19 available),feb7cc7701ecf901
"Our Band Could Be Your Life: Scenes from the American Indie Underground, 1981-1991",£57.25,In stock (19 available),deda3e61b9514b83
Rip it Up and Start Again,£35.02,In stock (19 available),a34ba96d4081e6a4
Scott Pilgrim's Precious Little Life (Scott Pilgrim #1),£52.29,In stock (19 available),3b1c02bac2a429e6
Set Me Free,£17.46,In stock (19 available),ce6396b0f23f6ecc
Shakespeare's Sonnets,£20.66,In stock (19 available),30a7f60cd76ca58c
Doing It Over (Most Likely To #1),£35.61,In stock (15 available),3a11bb962ff45b78
"Deliciously Ella Every Day: Quick and Easy Recipes for Gluten-Free Snacks, Packed Lunches, and Simple Meals",£42.16,In stock (15 available),46c1530d7546ea6d
Done Rubbed Out (Reightman & Bailey #1),£37.72,In stock (15 available),f6d967cdadc6fbd9
Drive: The Surprising Truth About What Motivates Us,£34.95,In stock (15 available),6ffb36aaeff1c81e
Eureka Trivia 6.0,£54.59,In stock (15 available),29c0025455f8c585
"Fables, Vol. 1: Legends in Exile (Fables #1)",£41.62,In stock (15 available),65d034adf80834b7
Behind Closed Doors,£52.22,In stock (18 available),be5cc846f45496fb
You can't bury them all: Poems,£33.63,In stock (17 available),55f9da0c5eea2e10
"In a Dark, Dark Wood",£19.63,In stock (18 available),19ed25f4641d5efd
Maude (1883-1993):She Grew Up with the country,£18.02,In stock (18 available),094b269567e1c300
Penny Maybe,£33.29,In stock (18 available),668fe56b17cfcd4f
Sophie's World,£15.94,In stock (18 available),6be3beb0793a53e7
The Bear and the Piano,£36.89,In stock (18 available),9f6568e9c95f60b0
The Elephant Tree,£23.82,In stock (18 available),5dada2b7be26bd03
The Four Agreements: A Practical Guide to Personal Freedom,£17.66,In stock (18 available),6258a1f6a6dcfe50
The Five Love Languages: How to Express Heartfelt Commitment to Your Mate,£31.05,In stock (18 available),3c039985229453bf
Wall and Piece,£44.18,In stock (18 available),ccd9ffa25efabdea
Worlds Elsewhere: Journeys Around Shakespeare’s Globe,£40.30,In stock (18 available),4c28def39d850cdf
Aladdin and His Wonderful Lamp,£53.13,In stock (19 available),904208d6aa64b655
Birdsong: A Story in Pictures,£54.64,In stock (19 available),9528d0948525bf5f
America's Cradle of Quarterbacks: Western Pennsylvania's Football Factory from Johnny Unitas to Joe Montana,£22.50,In stock (19 available),c7d160c2c0de586f
Black Dust,£34.53,In stock (19 available),00bfed9e18bb36f3
Chase Me (Paris Nights #2),£25.27,In stock (19 available),c2e46a2ee3b4a322
"Foolproof Preserving: A Guide to Small Batch Jams, Jellies, Pickles, Condiments, and More: A Foolproof Guide to Making Small Batch Jams, Jellies, Pickles, Condiments, and More",£30.52,In stock (19 available),5674a18a29a43ced
How Music Works,£37.32,In stock (19 available),327f68a59745c102
In Her Wake,£12.84,In stock (19 available),23356462d1320d61
The Natural History of Us (The Fine Art of Pretending #2),£45.22,In stock (16 available),cedf82b5086e4691
"The Pioneer Woman Cooks: Dinnertime: Comfort Classics, Freezer Food, 16-Minute Meals, and Other Delicious Ways to Solve Supper!",£56.41,In stock (16 available),142d767a56a9254d
The Past Never Ends,£56.50,In stock (16 available),5ee94540d0749ea0
The Secret of Dreadwillow Carse,£56.13,In stock (16 available),b5ea0b5dabed25a8
Thirst,£17.27,In stock (16 available),709822d0b5bcb7f4
The Torch Is Passed: A Harding Family Story,£19.09,In stock (16 available),4eed62cf5f8d8edf
This One Summer,£19.49,In stock (16 available),51653ef291ab7ddc
Throwing Rocks at the Google Bus: How Growth Became the Enemy of Prosperity,£31.12,In stock (16 available),7858914fad68493c
Tsubasa: WoRLD CHRoNiCLE 2 (Tsubasa WoRLD CHRoNiCLE #2),£16.28,In stock (16 available),09555be379ad9253
"Unbound: How Eight Technologies Made Us Human, Transformed Society, and Brought Our World to the Brink",£25.52,In stock (16 available),9a9d6e9bc555731e
Unicorn Tracks,£18.78,In stock (16 available),7ae099f3898e0209
"Unseen City: The Majesty of Pigeons, the Discreet Charm of Snails & Other Wonders of the Urban Wilderness",£44.18,In stock (16 available),d170b5a0da46380e
"We Love You, Charlie Freeman",£50.27,In stock (16 available),8d455c7539795d2a
Untitled Collection: Sabbath Poems 2014,£14.27,In stock (16 available),657fe5ead67a7767
When We Collided,£31.77,In stock (16 available),3ecb690d1542c568
Without Borders (Wanderlove #1),£45.07,In stock (16 available),acddfeab2a407640
#HigherSelfie: Wake Up Your Life. Free Your Soul. Find Your Tribe.,£23.11,In stock (17 available),c27f6e1f185b0383
Private Paris (Private #10),£47.61,In stock (17 available),b12b89017878a60d
Reasons to Stay Alive,£26.41,In stock (17 available),c8f7f0cb1abb9cac
Slow States of Collapse: Poems,£57.31,In stock (17 available),b4fd5943413e089a
Reskilling America: Learning to Labor in the Twenty-First Century,£19.83,In stock (16 available),d7310206583a54b6
"Rat Queens, Vol. 3: Demons (Rat Queens (Collected Editions) #11-15)",£50.40,In stock (16 available),c82a3e358c773c73
"Saga, Volume 5 (Saga (Collected Editions) #5)",£51.04,In stock (16 available),53a3d11bb568cc8b
"Saga, Volume 6 (Saga (Collected Editions) #6)",£25.02,In stock (16 available),c849f0b2f5d6a742
Security,£39.25,In stock (16 available),6f78a0d744c35456
Soul Reader,£39.58,In stock (16 available),e6af5bf1163c1151
Spark Joy: An Illustrated Master Class on the Art of Organizing and Tidying Up,£41.83,In stock (16 available),87b0615b6e1f4d7b
The Activist's Tao Te Ching: Ancient Advice for a Modern Revolution,£32.24,In stock (16 available),7d6d2a6c0276f81b
The Age of Genius: The Seventeenth Century and the Birth of the Modern Mind,£19.73,In stock (16 available),a3d2a4250807f1e9
The Art Forger,£40.76,In stock (16 available),80cfab6bcff3a244
"The Bulletproof Diet: Lose up to a Pound a Day, Reclaim Energy and Focus, Upgrade Your Life",£49.05,In stock (16 available),43c6a960757cf559
The Death of Humanity: and the Case for Life,£58.11,In stock (16 available),bd261725b99f5983
The Electric Pencil: Drawings from Inside State Hospital No. 3,£56.06,In stock (16 available),a30b270e25489e5c
"The Inefficiency Assassin: Time Management Tactics for Working Smarter, Not Longer",£20.59,In stock (16 available),8c9e6bf2467d740d
The Life-Changing Magic of Tidying Up: The Japanese Art of Decluttering and Organizing,£16.77,In stock (16 available),0da9aa9d24677fc0
The Gutsy Girl: Escapades for Your Life of Epic Adventure,£37.13,In stock (16 available),acd86a5426e21ca0
The Most Perfect Thing: Inside (and Outside) a Bird's Egg,£42.96,In stock (16 available),aadee1c326d286e3
"The Mindfulness and Acceptance Workbook for Anxiety: A Guide to Breaking Free from Anxiety, Phobias, and Worry Using Acceptance and Commitment Therapy",£23.89,In stock (16 available),31075275518532d7
The Murder That Never Was (Forensic Instincts #5),£54.11,In stock (16 available),d01ac97e2b8947c2
The Nameless City (The Nameless City #1),£38.16,In stock (16 available),7d385d34d12e60ff
In the Country We Love: My Family Divided,£22.00,In stock (16 available),b136b1b180ca753a
Join,£35.67,In stock (16 available),18ad3ed896c7ce05
"Layered: Baking, Building, and Styling Spectacular Cakes",£40.11,In stock (16 available),7b75cc7f223791f4
Judo: Seven Steps to Black Belt (an Introductory Guide for Beginners),£53.90,In stock (16 available),228f74b74f3a08ae
Lumberjanes Vol. 3: A Terrible Plan (Lumberjanes #9-12),£19.92,In stock (16 available),57e5a4d515c8ce44
"Lumberjanes, Vol. 2: Friendship to the Max (Lumberjanes #5-8)",£46.91,In stock (16 available),460089f796fb3f82
"Lumberjanes, Vol. 1: Beware the Kitten Holy (Lumberjanes #1-4)",£45.61,In stock (16 available),b6ee99bcf06fc91f
"Mama Tried: Traditional Italian Cooking for the Screwed, Crude, Vegan, and Tattooed",£14.02,In stock (16 available),72f9d5be3472d34e
Masks and Shadows,£56.40,In stock (16 available),fa9610a50a1bf149
My Paris Kitchen: Recipes and Stories,£33.37,In stock (16 available),784bc2279baa878d
Obsidian (Lux #1),£14.86,In stock (16 available),3c346ab1e76ae1f6
On a Midnight Clear,£14.07,In stock (16 available),b757c0c361e689ce
Online Marketing for Busy Authors: A Step-By-Step Guide,£46.35,In stock (16 available),9ffa38d3b832433a
orange: The Complete Collection 1 (orange: The Complete Collection #1),£48.41,In stock (16 available),11809b1d323b3057
"Outcast, Vol. 1: A Darkness Surrounds Him (Outcast #1)",£15.44,In stock (16 available),889139b8e9c4cb36
Patience,£10.16,In stock (16 available),9429b4d59c537af5
"Avatar: The Last Airbender: Smoke and Shadow, Part 3 (Smoke and Shadow #3)",£28.09,In stock (16 available),6d5300b2d8f37e07
"Political Suicide: Missteps, Peccadilloes, Bad Calls, Backroom Hijinx, Sordid Pasts, Rotten Breaks, and Just Plain Dumb Mistakes in the Annals of American Politics",£36.28,In stock (16 available),7392c0032f92d816
Princess Between Worlds (Wide-Awake Princess #5),£13.34,In stock (16 available),0e691eda369f4e09
"Pop Gun War, Volume 1: Gift",£18.97,In stock (16 available),e80f8e518b300dfe
Bossypants,£49.46,In stock (16 available),74baabfc8fd84b38
"Bitch Planet, Vol. 1: Extraordinary Machine (Bitch Planet (Collected Editions))",£37.92,In stock (16 available),bdf415fd484ea8a7
"Princess Jellyfish 2-in-1 Omnibus, Vol. 01 (Princess Jellyfish 2-in-1 Omnibus #1)",£13.61,In stock (16 available),0fa6dceead7ce47a
Burning,£28.81,In stock (16 available),5ceb951f629700a2
Call the Nurse: True Stories of a Country Nurse on a Scottish Isle,£29.14,In stock (16 available),bee3672891cca906
"Don't Be a Jerk: And Other Practical Advice from Dogen, Japan's Greatest Zen Master",£37.97,In stock (16 available),fce19f9b4a943f22
Danganronpa Volume 1,£51.99,In stock (16 available),09b6cc87e62c2c58
Camp Midnight,£17.08,In stock (16 available),7b599c8bfcdd8d30
"Codename Baboushka, Volume 1: The Conclave of Death",£36.72,In stock (16 available),8754c83ab2a7ae71
Crown of Midnight (Throne of Glass #2),£43.29,In stock (16 available),7267864328ae8b9d
Everydata: The Misinformation Hidden in the Little Data You Consume Every Day,£54.35,In stock (16 available),311c0dd0e354a33e
Fifty Shades Darker (Fifty Shades #2),£21.96,In stock (16 available),7add3f8e49ec0826
First and First (Five Boroughs #3),£15.97,In stock (16 available),9e28048cea8d41f7
Forever and Forever: The Courtship of Henry Longfellow and Fanny Appleton,£29.69,In stock (16 available),9beb96a2300109d7
"Giant Days, Vol. 2 (Giant Days #5-8)",£22.11,In stock (16 available),f2df3bb043a8abb0
Her Backup Boyfriend (The Sorensen Family #1),£33.97,In stock (16 available),2a97cffe61c3c4c7
I am a Hero Omnibus Volume 1,£54.63,In stock (16 available),1c89ae5bb804e4de
How to Be Miserable: 40 Strategies You Already Use,£46.03,In stock (16 available),a6f99b9e687f9d46
"I Hate Fairyland, Vol. 1: Madly Ever After (I Hate Fairyland (Compilations) #1-5)",£29.17,In stock (16 available),8d4eefad7a2b3915
Immunity: How Elie Metchnikoff Changed the Course of Modern Medicine,£57.36,In stock (16 available),e4f74c16de34d440
The Stranger,£17.44,In stock (15 available),f5a92cff83897d48
The Vacationers,£42.15,In stock (15 available),fd3a622648667296
The Third Wave: An Entrepreneur’s Vision of the Future,£12.61,In stock (15 available),3bebf34ee9330cbd
The Wedding Dress,£24.12,In stock (15 available),623e1a180426039b
Thirteen Reasons Why,£52.72,In stock (15 available),bc2a85fd35fdc7bd
The White Cat and the Monk: A Retelling of the Poem “Pangur Bán”,£58.08,In stock (15 available),37c0cb19713d8dda
Thomas Jefferson and the Tripoli Pirates: The Forgotten War That Changed American History,£59.64,In stock (15 available),de3f25248ba0789f
Throne of Glass (Throne of Glass #1),£35.07,In stock (15 available),590a9cccf7db9f7d
Tracing Numbers on a Train,£41.60,In stock (15 available),d7d6d50c1e3d0b81
Tuesday Nights in 1980,£21.04,In stock (15 available),b8736690cf263a3c
"William Shakespeare's Star Wars: Verily, A New Hope (William Shakespeare's Star Wars #4)",£43.30,In stock (15 available),9270575728a13a61
You Are What You Love: The Spiritual Power of Habit,£21.87,In stock (15 available),796c87ddbbaaf8c5
A Court of Thorns and Roses (A Court of Thorns and Roses #1),£52.37,In stock (16 available),01d2001ac1e6f8a3
(Un)Qualified: How God Uses Broken People to Do Big Things,£54.00,In stock (16 available),e4ac92d89b946781
A Fierce and Subtle Poison,£28.13,In stock (16 available),842790dfaa937484
A Flight of Arrows (The Pathfinders #2),£55.53,In stock (16 available),3a6fb983e2554023
A Murder in Time,£16.64,In stock (16 available),f733e8c19d40ec2e
"A Piece of Sky, a Grain of Rice: A Memoir in Four Meditations",£56.76,In stock (16 available),8a380641491d43ed
A World of Flavor: Your Gluten Free Passport,£42.95,In stock (16 available),70ed59f194b3c556
Algorithms to Live By: The Computer Science of Human Decisions,£30.81,In stock (16 available),38d45839cb1c83c1
The Emerald Mystery,£23.15,In stock (15 available),d6670dfe3e7b42bd
The Cookies & Cups Cookbook: 125+ sweet & savory recipes reminding you to Always Eat Dessert First,£41.25,In stock (15 available),96a38e7c813d8f1d
The Genius of Birds,£17.24,In stock (15 available),42d0d7c92b75fc1c
The Kite Runner,£41.82,In stock (15 available),eac1a180047ad54e
The Girl on the Train,£55.02,In stock (15 available),e956d67c9bcc5809
The Glittering Court (The Glittering Court #1),£44.28,In stock (15 available),2dbb7ec08cdd7f3c
The House by the Lake,£36.95,In stock (15 available),9287e238d7c3b06e
The Mistake (Off-Campus #2),£43.29,In stock (15 available),99ff4cc6491e8f5c
The Long Shadow of Small Ghosts: Murder and Memory in an American City,£10.97,In stock (15 available),abeafe151a587d3b
The Love and Lemons Cookbook: An Apple-to-Zucchini Celebration of Impromptu Cooking,£37.60,In stock (15 available),e28e330cbdf01126
The Matchmaker's Playbook (Wingmen Inc. #1),£55.85,In stock (15 available),08db62f24627e71f
The Murder of Roger Ackroyd (Hercule Poirot #4),£44.10,In stock (15 available),c7b5183f4d1d4efe
The Power of Now: A Guide to Spiritual Enlightenment,£43.54,In stock (15 available),8ec14b1576cb7cb5
The Nerdy Nummies Cookbook: Sweet Treats for the Geek in All of Us,£37.34,In stock (15 available),e4c7f3487d17fd42
The Omnivore's Dilemma: A Natural History of Four Meals,£38.21,In stock (15 available),209adad1015af86f
The Project,£10.65,In stock (15 available),790ef197c8f236f5
The Psychopath Test: A Journey Through the Madness Industry,£36.00,In stock (15 available),e98a4efa85070c2f
The Secret (The Secret #1),£27.37,In stock (15 available),961f18db4f138211
The Regional Office Is Under Attack!,£51.36,In stock (15 available),0651062381f0636a
The Shadow Hero (The Shadow Hero),£33.14,In stock (15 available),d6361d16212664ed
Mrs. Houdini,£30.25,In stock (15 available),a40723994f715420
Night Sky with Exit Wounds,£41.05,In stock (15 available),cfeb1e1e0e695b58
"Nightingale, Sing",£38.28,In stock (15 available),50b8f80311b31ede
Poems That Make Grown Women Cry,£14.19,In stock (15 available),31001a1210623bd4
Poses for Artists Volume 1 - Dynamic and Sitting Poses: An Essential Reference for Figure Drawing and the Human Form,£41.06,In stock (15 available),d9c643fa1fc57bdb
Romero and Juliet: A Tragic Tale of Love and Zombies,£36.94,In stock (15 available),e656e280bc8edd56
Redeeming Love,£20.47,In stock (15 available),b53db2271c9624f7
Scarlett Epstein Hates It Here,£43.55,In stock (15 available),1c929cfd16b71907
"Shobu Samurai, Project Aryoku (#3)",£29.06,In stock (15 available),0c27e6c3744fc14b
Shoe Dog: A Memoir by the Creator of NIKE,£23.99,In stock (15 available),0e0dcc3339602b28
Secrets and Lace (Fatal Hearts #1),£20.27,In stock (15 available),ad04ad9fc179fc5d
Something More Than This,£16.24,In stock (15 available),ca71e72655bece85
Soft Apocalypse,£26.12,In stock (15 available),2a70769cdc6eb8b8
So You've Been Publicly Shamed,£12.23,In stock (15 available),1b33663ad7b95fd8
Suddenly in Love (Lake Haven #1),£55.99,In stock (15 available),203b7f94b7d6115f
The 10% Entrepreneur: Live Your Startup Dream Without Quitting Your Day Job,£27.55,In stock (15 available),56e4f9eab2e8e674
The Art of War,£33.34,In stock (15 available),e7469e22b5bfb3e7
The Argonauts,£10.93,In stock (15 available),c99761a700ade23f
The Artist's Way: A Spiritual Path to Higher Creativity,£38.49,In stock (15 available),dd047728de72ad62
The Bridge to Consciousness: I'm Writing the Bridge Between Science and Our Old and New Beliefs.,£32.00,In stock (15 available),efc3768127714ec3
Finders Keepers (Bill Hodges Trilogy #2),£53.53,In stock (15 available),edb3097e71330040
Follow You Home,£21.36,In stock (15 available),8585760646e3aa2a
First Steps for New Christians (Print Edition),£29.00,In stock (15 available),2f88b08bf0a0e367
Frostbite (Vampire Academy #2),£29.99,In stock (15 available),116a2fdc9a45bab0
Grumbles,£22.16,In stock (15 available),d163dd6c352fbcd2
Hollow City (Miss Peregrine’s Peculiar Children #2),£42.98,In stock (15 available),4ce91d31c1e57c33
Full Moon over Noah’s Ark: An Odyssey to Mount Ararat and Beyond,£49.43,In stock (15 available),ce60436f52c5ee68
Little Red,£13.47,In stock (15 available),4aa03792b50f0b22
Large Print Heart of the Pride,£19.15,In stock (15 available),c1afd71fc86bf682
I Had a Nice Time And Other Lies...: How to find love & sh*t like that,£57.36,In stock (15 available),fd8585283fc7d2d7
Library of Souls (Miss Peregrine’s Peculiar Children #3),£48.56,In stock (15 available),ba54932df84e8cea
Louisa: The Extraordinary Life of Mrs. Adams,£16.85,In stock (15 available),d69dd8dac66f9f84
Miss Peregrine’s Home for Peculiar Children (Miss Peregrine’s Peculiar Children #1),£10.76,In stock (15 available),af96613fdd793a3c
"Starving Hearts (Triangular Trade Trilogy, #1)",£13.99,In stock (19 available),0312262ecafa5a40
Modern Romance,£28.26,In stock (15 available),caf4fe9311f1dc59
"The Coming Woman: A Novel Based on the Life of the Infamous Feminist, Victoria Woodhull",£17.93,In stock (19 available),e72a5dfc7e9267b2
The Boys in the Boat: Nine Americans and Their Epic Quest for Gold at the 1936 Berlin Olympics,£22.60,In stock (19 available),e10e1e165dc8be4a
The Dirty Little Secrets of Getting Your Dream Job,£33.34,In stock (19 available),2597b5a345f45e1b
The Black Maria,£52.15,In stock (19 available),1dfe412b8ac00530
The Requiem Red,£22.65,In stock (19 available),f77dbf2323deb740
Sharp Objects,£47.82,In stock (20 available),e00eb4fd7b871a48
Sapiens: A Brief History of Humankind,£54.23,In stock (20 available),4165285e1663650f
Soumission,£50.10,In stock (20 available),6957f44c3847a760
A Light in the Attic,£51.77,In stock (22 available),a897fe39b1053632
Tipping the Velvet,£53.74,In stock (20 available),90fa61229261140a
